delta,n,replicate,eta_160,eta_320,lo_160,lo_320,hi_160,hi_320,deviance_160,deviance_320,failure_count
0.05,100,1,0.462558139172692,0.4625581455545035,0.0,0.0,0.4774797385590166,0.4774797385435671,31.962344550099903,31.962344542224187,0
0.05,100,2,0.4597658664081361,0.45976586645946005,0.3700551264073466,0.370055127895007,0.4749907900502632,0.474990790009624,28.60374675342816,28.603746732766194,0
0.05,100,8,0.4659090909846116,0.4659090837386943,0.4413579127111879,0.44135791271358965,0.4806651226401639,0.48066512263934474,45.34198888993814,45.34198888939775,0
0.05,100,13,0.4631707311638519,0.4631707311736446,0.0,0.0,0.4784533364124856,0.4784533363967427,35.41575460280423,35.41575459461169,0
0.05,100,16,0.4479357408308734,0.4479357338671725,0.423029532545128,0.42302953254512715,0.4668514595962728,0.46685145959627256,22.92075594720659,22.920755947206757,0
0.05,100,19,0.4628618847167833,0.462861888940399,0.0,0.0,0.4780940289598961,0.4780940280670154,33.047134114305656,33.04713365239934,0
0.05,100,22,0.4634231085261376,0.4634231083316526,0.0,0.0,0.4785343674851726,0.47853436748424305,35.98012895555824,35.980128955457744,0
0.05,100,27,0.445999659699082,0.44599965970640437,0.3838810360484281,0.38388103622437214,0.4618196209041443,0.46181962090177686,43.83971560067842,43.839715599532006,0
0.05,100,34,0.4695348836840226,0.4695348909848947,0.0,0.0,0.4844510767344037,0.4844510767730285,24.00656375498646,24.006563754921658,0
0.05,100,35,0.4654508631560098,0.46545455357445326,0.0,0.0,0.4800456574552195,0.4802099180893948,26.64138486589473,26.726359399750603,0
0.05,100,36,0.4421416602272307,0.4421416602272489,0.2957737756025805,0.29577377560263723,0.4691475527606202,0.46914755276140463,29.87169722022661,29.871697220226434,0
0.05,100,40,0.462683824842328,0.46335957767057884,0.0,0.0,0.4789162267979406,0.4789350368356029,32.53163270599358,32.54026230134281,0
0.05,100,43,0.4563422369046211,0.45634223674451574,0.0,0.0,0.471766364009673,0.47176636390911425,36.00477942568659,36.004779417625734,0
0.05,100,46,0.4553096560640631,0.45530965606694274,0.4401138623502824,0.4401138623535773,0.4706105951814929,0.47061059530489785,50.73026278502181,50.730262779420585,0
0.05,100,53,0.4561904761920891,0.45619047617221486,0.437752346192299,0.43775234619256015,0.4711780284266587,0.4711780285217134,53.58393174846814,53.58393174834516,0
0.05,100,55,0.4693023255008797,0.4693023118860675,0.4544165667164548,0.45421475916004006,0.4842060830342307,0.4842060833792556,28.83293863385671,28.832938630868355,0
0.05,100,57,0.4645454546265088,0.46454545462861985,0.0,0.0,0.4792336188966236,0.47923361889308064,30.08782874144457,30.087828739583276,0
0.05,100,61,0.4597480445220338,0.4599999981969842,0.0,0.0,0.4746670611608364,0.4747465035575515,30.897151359937503,30.938382255104184,0
0.05,100,65,0.4471362486035726,0.44713624860150564,0.4296944908699059,0.4296944908699073,0.4657080380702616,0.4657080380702604,37.44679799903784,37.446797999037216,0
0.05,100,69,0.4695348982842646,0.4695348911270466,0.0,0.0,0.484466516369533,0.4844665163696351,27.511136511463345,27.511136511458567,0
0.05,100,70,0.4665803442614889,0.4665803442861983,0.0,0.0,0.4818606777995524,0.48186067779946057,25.11766184622351,25.117661846172872,0
0.05,100,72,0.4567441858479286,0.4567441859222084,0.0,0.0,0.4716551835609816,0.4716551834105168,36.69483810331036,36.69483802225686,0
0.05,100,74,0.4692857485473588,0.469285714378108,0.451542718797147,0.45154271879771996,0.4842194077942421,0.4842194077960983,36.37580422090295,36.3758042207887,0
0.05,100,75,0.4561360438633183,0.45613637781021715,0.4407874064378572,0.44078740651809806,0.4708755111145518,0.47087551127433336,33.26056953348837,33.26056948674167,0
0.05,100,78,0.464618694624937,0.464618711764433,0.4508843104251644,0.45087674251790094,0.4797740501957988,0.4797740519605626,34.20247947675659,34.202479469310795,0
0.05,100,81,0.4602890265411405,0.4602890265279372,0.4452286841831405,0.4452286841828368,0.4753126626010675,0.4753126626019024,21.73258853092749,21.73258853090402,0
0.05,100,85,0.4578571428823008,0.457857147587969,0.4449653965881723,0.444965396614376,0.4726904806243248,0.4726904807740736,30.211979588129445,30.21197958511182,0
0.05,100,86,0.4628617694779026,0.4628617688957064,0.4495282879190695,0.4495282879019545,0.4777016293870164,0.4777016293990158,29.703835922762057,29.703835928897103,0
0.05,100,92,0.4582657993973186,0.45826582034790736,0.4420819394080831,0.4420819394085403,0.4732785417702743,0.4732785418093974,29.61194488214508,29.611944881942946,0
0.05,100,94,0.4440775669759086,0.4440775668906112,0.3760329891578114,0.3760329891578314,0.4602884808907994,0.4602884808909425,37.83061625076712,37.83061625076666,0
0.05,100,96,0.4573667818790447,0.4573667901306107,0.0,0.0,0.472639303282919,0.4726393033654787,29.904227830785963,29.904227830677243,0
0.05,100,97,0.4628297138511801,0.46282971389745414,0.4546439961397126,0.45464481427961007,0.4780805133629114,0.47808051333944723,46.10031657603314,46.10031655243111,0
0.05,100,110,0.4503756860452194,0.450375686250104,0.4337312303673246,0.43373123036749395,0.4660572534082075,0.4660572534081297,25.71872568553576,25.71872568547977,0
0.05,100,114,0.4606258193402938,0.46062581210948556,0.0,0.0,0.4775887666030169,0.47758876660764166,29.292896214525875,29.292896214523225,0
0.05,100,115,0.4602457094562575,0.46024570968912915,0.4390530694068384,0.4390530694175009,0.4753544329665005,0.47535443297268615,43.24765528556634,43.24765528308616,0
0.05,100,121,0.4608743103953543,0.46087430959474956,0.4411382556118207,0.4411382556126574,0.4760819255827284,0.4760819255974869,32.84700528260628,32.84700528239727,0
0.05,100,122,0.4510232530636735,0.45102325307229496,0.0,0.0,0.4710683394427938,0.4710683394429407,18.578510490687307,18.578510490688625,0
0.05,100,128,0.4690538792379563,0.46905387794831915,0.4505772096442509,0.4505772096443308,0.4838500454608912,0.4838500454608477,34.292427175095426,34.292427175072646,0
0.05,100,130,0.4669047692859631,0.4669047620364356,0.4547114079474493,0.4563069658492407,0.4818949276808905,0.4818949277240636,26.27478689835146,26.274786895177556,0
0.05,100,134,0.4595491384809082,0.4595491384809085,0.4497864292347524,0.44978642924665374,0.4750075674247511,0.47500756741268046,35.32037216921278,35.32037216407943,0
0.05,100,139,0.46410811649596,0.4641081165432655,0.4410589349262775,0.4410589353050274,0.4764822912377317,0.47648229117203883,25.554991813941047,25.554991782770504,0
0.05,100,146,0.4609336307179188,0.4609336235465003,0.0,0.0,0.4763351530102185,0.4763351530058542,37.34238988537349,37.34238988507426,0
0.05,100,149,0.4609384391702632,0.4609384391728761,0.0,0.0,0.4771740693230231,0.4771740693250729,28.668860124813207,28.668860124575424,0
0.05,100,153,0.4654833963751954,0.4654833962466284,0.0,0.0,0.4814164881089675,0.481416487022248,37.07109439561189,37.071094395612974,0
0.05,100,154,0.4531647226510265,0.45316472264939084,0.0,0.0,0.4697122850491924,0.46971228504919493,40.81310552050637,40.81310552050623,0
0.05,100,157,0.4674786830357506,0.46747868303094164,0.0,0.0,0.4832176838188232,0.4832176838188232,25.779745484195253,25.77974548419531,0
0.05,100,160,0.464756636103724,0.4647566361077384,0.4503780543670906,0.45037805432883526,0.479662182574242,0.47966218256726484,37.29295553153954,37.292955529298034,0
0.05,100,162,0.465047372338787,0.4650473723392776,0.0,0.0,0.4803117185559369,0.48031171904949516,28.8191380272528,28.81913802723704,0
0.05,100,163,0.4616059989412643,0.4616059989437015,0.4388558497110417,0.4388558497120775,0.4775910912029473,0.4775910912015217,34.14781729324906,34.14781729294492,0
0.05,100,169,0.4678814001784364,0.46788140820743584,0.452769845191553,0.45276984519036045,0.483017046854677,0.4830170469837631,43.56464693139416,43.564646929289836,0
0.05,100,178,0.4560880094206308,0.456088009429511,0.4323634322166871,0.4323634322166924,0.4722026388579801,0.47220263885819425,27.3803005190398,27.38030051903927,0
0.05,100,188,0.4535714283904498,0.45357142867547545,0.4383819896765432,0.43838199021075175,0.4685939596783888,0.468593959454405,37.57568722333626,37.57568709417867,0
0.05,100,190,0.4611498903867175,0.46114989059563616,0.0,0.0,0.4767227799080236,0.47672277965617704,31.37851489190132,31.37851488977288,0
0.05,100,191,0.4536225137315227,0.4536225137715297,0.4359426454390465,0.4359426454669031,0.4688145558056292,0.4688145555279107,27.8457174239827,27.84571741175381,0
0.05,100,194,0.4627013336967731,0.46270133370068134,0.0,0.0,0.4778881341323754,0.47788813413607856,27.51273165163719,27.51273165162975,0
0.05,100,198,0.4640476191470556,0.464047618818743,0.4151388130528892,0.41513876686272433,0.4790831833766816,0.4790831839505768,23.04911489709304,23.04911519170748,0
0.1,100,28,0.4323808094125511,0.43238081615942203,0.0,0.0,0.4503695342019753,0.45036953420337206,31.65846585888644,31.658465858885716,0
0.1,100,69,0.4397836263902236,0.43978362636969587,0.0,0.0,0.4551681613965339,0.4551681613971862,42.27628610294034,42.27628610292046,0
0.1,100,105,0.4356161523590786,0.4356161523588644,0.415411345548805,0.4154113455488057,0.452943315754323,0.4529433157543228,38.78639083084288,38.78639083084264,0
0.1,100,175,0.4432635414175578,0.44326354151933894,0.0,0.0,0.45899230199191,0.45899230144379016,30.35420127995252,30.354201279951955,0
