k,delta,n,total_comparisons,method,replicates,coverage,coverage_count,coverage_lo,coverage_hi,width,width_mcse,bias,bias_definition,bias_mcse
10,0.05,100,4500,Logistic profile,200,0.605,121,0.5358834915928536,0.6701589898679203,0.3011104294175573,0.01479737286996513,0.1653722404561596,MLE minus truth,0.012797857084032698
10,0.05,100,4500,Hoeffding link-robust,200,1.0,200,0.9811546736227335,1.0,0.49980387408247495,0.00011986647357856958,0.049901937041237465,interval midpoint minus truth,5.993323678928479e-05
10,0.05,100,4500,Hoeffding logistic-only,200,1.0,200,0.9811546736227335,1.0,0.5,0.0,0.04999999999999999,interval midpoint minus truth,0.0
10,0.05,1000,45000,Logistic profile,200,0.97,194,0.9361057075454807,0.9861796856598887,0.4353645937762242,0.004335690697888811,0.018201033326534083,MLE minus truth,0.014244651113224698
10,0.05,1000,45000,Hoeffding link-robust,200,1.0,200,0.9811546736227335,1.0,0.4822796601078231,0.0006110152003077379,0.04113983005391153,interval midpoint minus truth,0.00030550760015386893
10,0.05,1000,45000,Hoeffding logistic-only,200,1.0,200,0.9811546736227335,1.0,0.5,0.0,0.04999999999999999,interval midpoint minus truth,0.0
10,0.05,10000,450000,Logistic profile,200,0.97,194,0.9361057075454807,0.9861796856598887,0.3947087696535455,0.003922017288957284,-0.008116956825496346,MLE minus truth,0.01262607053362117
10,0.05,10000,450000,Hoeffding link-robust,200,1.0,200,0.9811546736227335,1.0,0.45175616054983303,0.000297693739964532,0.025878080274916504,interval midpoint minus truth,0.000148846869982266
10,0.05,10000,450000,Hoeffding logistic-only,200,1.0,200,0.9811546736227335,1.0,0.5,0.0,0.04999999999999999,interval midpoint minus truth,0.0
10,0.05,100000,4500000,Logistic profile,200,0.98,196,0.9497129130941735,0.9921955735836505,0.3359850322148483,0.003204906134606907,-0.045162065616906666,MLE minus truth,0.00967192089465075
10,0.05,100000,4500000,Hoeffding link-robust,200,1.0,200,0.9811546736227335,1.0,0.439452754092635,0.00010507622926850028,0.019726377046317495,interval midpoint minus truth,5.253811463425014e-05
10,0.05,100000,4500000,Hoeffding logistic-only,200,1.0,200,0.9811546736227335,1.0,0.5,0.0,0.04999999999999999,interval midpoint minus truth,0.0
10,0.1,100,4500,Logistic profile,200,0.87,174,0.8163364812775159,0.9097179772033067,0.37288417638081683,0.008214336162229788,0.013809490171530908,MLE minus truth,0.01357052376902631
10,0.1,100,4500,Hoeffding link-robust,200,1.0,200,0.9811546736227335,1.0,0.4929570619244157,0.0008946834664163332,0.04647853096220783,interval midpoint minus truth,0.0004473417332081666
10,0.1,100,4500,Hoeffding logistic-only,200,1.0,200,0.9811546736227335,1.0,0.5,0.0,0.04999999999999999,interval midpoint minus truth,0.0
10,0.1,1000,45000,Logistic profile,200,0.975,195,0.942821659593358,0.9892752803482386,0.3477688245896736,0.0034629501638267124,-0.0412294844337974,MLE minus truth,0.01038442568575452
10,0.1,1000,45000,Hoeffding link-robust,200,1.0,200,0.9811546736227335,1.0,0.42505904092635005,0.0008309781122963346,0.012529520463175015,interval midpoint minus truth,0.0004154890561481673
10,0.1,1000,45000,Hoeffding logistic-only,200,1.0,200,0.9811546736227335,1.0,0.5,0.0,0.04999999999999999,interval midpoint minus truth,0.0
10,0.1,10000,450000,Logistic profile,200,0.975,195,0.942821659593358,0.9892752803482386,0.2739731460765942,0.0028276066552590786,-0.06358359515584203,MLE minus truth,0.007143302221838014
10,0.1,10000,450000,Hoeffding link-robust,200,1.0,200,0.9811546736227335,1.0,0.3908561605498331,0.0003141095014393422,-0.004571919725083473,interval midpoint minus truth,0.0001570547507196711
10,0.1,10000,450000,Hoeffding logistic-only,200,1.0,200,0.9811546736227335,1.0,0.5,0.0,0.04999999999999999,interval midpoint minus truth,0.0
10,0.1,100000,4500000,Logistic profile,200,0.83,166,0.7718411637168737,0.8757209208741302,0.17895995219832703,0.0025271073858533022,-0.0444788260999647,MLE minus truth,0.003400924904752455
10,0.1,100000,4500000,Hoeffding link-robust,200,1.0,200,0.9811546736227335,1.0,0.378009454092635,0.00010547300727588608,-0.010995272953682522,interval midpoint minus truth,5.273650363794304e-05
10,0.1,100000,4500000,Hoeffding logistic-only,200,1.0,200,0.9811546736227335,1.0,0.5,0.0,0.04999999999999999,interval midpoint minus truth,0.0
10,0.2,100,4500,Logistic profile,200,0.97,194,0.9361057075454807,0.9861796856598887,0.300469750298533,0.003293092936360023,-0.05022152880546621,MLE minus truth,0.00827103340973142
10,0.2,100,4500,Hoeffding link-robust,200,1.0,200,0.9811546736227335,1.0,0.42774160549833057,0.0017979294344484932,0.013870802749165273,interval midpoint minus truth,0.0008989647172242466
10,0.2,100,4500,Hoeffding logistic-only,200,1.0,200,0.9811546736227335,1.0,0.5,0.0,0.04999999999999999,interval midpoint minus truth,0.0
10,0.2,1000,45000,Logistic profile,200,0.9,180,0.8505941875672826,0.9343295513309041,0.20742826211169624,0.003020586927215582,-0.041306425043539985,MLE minus truth,0.004524948687102967
10,0.2,1000,45000,Hoeffding link-robust,200,1.0,200,0.9811546736227335,1.0,0.3364940409263501,0.0006827721170486495,-0.03175297953682496,interval midpoint minus truth,0.00034138605852432476
10,0.2,1000,45000,Hoeffding logistic-only,200,1.0,200,0.9811546736227335,1.0,0.5,0.0,0.04999999999999999,interval midpoint minus truth,0.0
10,0.2,10000,450000,Logistic profile,200,0.505,101,0.43627000033527485,0.5735415464009526,0.07524929072740211,0.001122459838073238,-0.031126539753033255,MLE minus truth,0.0014279836786242682
10,0.2,10000,450000,Hoeffding link-robust,200,1.0,200,0.9811546736227335,1.0,0.29739466054983305,0.0003025826001268042,-0.05130266972508349,interval midpoint minus truth,0.0001512913000634021
10,0.2,10000,450000,Hoeffding logistic-only,200,1.0,200,0.9811546736227335,1.0,0.49151236412488614,0.0029488750209106553,0.04575618206244306,interval midpoint minus truth,0.0014744375104553276
10,0.2,100000,4500000,Logistic profile,200,0.0,0,1.734723475976807e-18,0.018845326377266575,0.02225377854415342,7.840554657942821e-05,-0.029193208326809744,MLE minus truth,0.0003578483301637754
10,0.2,100000,4500000,Hoeffding link-robust,200,1.0,200,0.9811546736227335,1.0,0.284013454092635,9.592116469624127e-05,-0.057993272953682506,interval midpoint minus truth,4.7960582348120635e-05
10,0.2,100000,4500000,Hoeffding logistic-only,200,1.0,200,0.9811546736227335,1.0,0.14502388957051265,0.001461750958595991,-0.05289489669623196,interval midpoint minus truth,0.0011574354226958866
