graph,family,k,M,cycle_rank,density,G3,G5,seed,attempts,requested_information_slope,requested_kl_slope,near_tie_audit_information_slope,near_tie_audit_kl_slope
complete_K5,complete,5,10,6,1.0,1260.0,22217.14285714286,20260920,1,6.0045790541854585,9.952572400740332,6.000000148511677,9.999998832103495
complete_K10,complete,10,45,36,1.0,392040.0,197065440.0,20260920,1,5.991269164892199,9.726743627905751,6.0000004623477645,9.999993454995453
complete_K20,complete,20,190,171,1.0,105072660.00000001,953582279760.0002,20260920,1,5.731676252138617,8.83053711893533,6.000001717484558,9.999971989847031
er_K10_p0.2,er,10,12,3,0.26666666666666666,3217.7142857142853,122557.27224293853,20261940,4,6.010100392384674,9.923184878801376,6.000000326212102,9.999998150719053
er_K10_p0.5,er,10,22,13,0.4888888888888889,64705.98511710123,8041031.688390672,20261970,1,6.016694388968223,9.852752781139854,6.000000671707852,9.999996472085835
er_K20_p0.2,er,20,34,15,0.17894736842105263,3050569.515097418,9476573571.64513,20262940,1,5.982237244169807,9.38960833890396,6.000004578403784,9.999986165549537
er_K20_p0.5,er,20,105,86,0.5526315789473685,50058048.89190435,334111716097.7477,20262970,1,5.775880625286262,8.980672292777065,6.000002016117583,9.999976971686706
er_K50_p0.2,er,50,236,187,0.1926530612244898,28940832585.670483,7957636261286755.0,20265940,1,4.151923652467604,5.516416584174968,6.000024486295773,9.999847150030321
er_K50_p0.5,er,50,636,587,0.5191836734693878,81042942031.60513,2.951554473487616e+16,20265970,1,4.132024902551526,5.462287000952982,6.000012928149075,9.999826722304626
sparse_K10,sparse,10,19,10,0.4222222222222222,54612.98925735635,32093647.678275563,20261020,1,6.071182592678156,9.804798107237275,6.000002187988399,9.999995402031407
sparse_K20,sparse,20,39,20,0.20526315789473684,3690882.435171797,13343198765.966986,20261120,1,6.089619384169107,9.43115525476467,6.000008781006045,9.999988379068261
sparse_K50,sparse,50,99,50,0.08081632653061224,1586271929.8220005,277283885555597.94,20261420,1,4.775690617347029,6.459345715701085,6.000056543759309,9.999911222507789
tree_K10,tree,10,9,0,0.2,0.0,0.0,20260920,1,,,,
