graph,k,M,family,window,delta,max_gap,G3,G5,information,known_information,kl,b,eta_refit,success,nfev,relative_score,start_kl_spread
complete_K5,5,10,complete,requested,0.2,0.8,1260.0,22217.14285714286,0.001395665421993034,1.9680459327328095,1.5226492106564874e-10,0.6722306183180092,0.16388469084099538,True,13,7.605399235855354e-11,2.2204460492503143e-26
complete_K5,5,10,complete,requested,0.1,0.4,1260.0,22217.14285714286,2.165649362279175e-05,0.4980580812006428,1.6089378568530866e-13,0.6757949310723532,0.1621025344638234,True,8,2.8611802165001415e-12,0.0
complete_K5,5,10,complete,requested,0.05,0.2,1260.0,22217.14285714286,3.3761250228515765e-07,0.12487954679634652,1.6020514800865296e-16,0.6767172389672976,0.16164138051635119,True,3,2.819375807860211e-15,0.0
complete_K5,5,10,complete,requested,0.025,0.1,1260.0,22217.14285714286,5.272013379218288e-09,0.03124248620858476,1.5720922997861165e-19,0.6769498019568193,0.16152509902159035,True,11,2.5734465265988435e-10,0.0
complete_K5,5,10,complete,near_tie_audit,0.001,0.004,1260.0,22217.14285714286,2.1589766703871925e-17,4.9999980777123924e-05,1.6511124517819056e-33,0.677027375869142,0.16148631206542902,True,2,5.253330266944859e-17,0.0
complete_K5,5,10,complete,near_tie_audit,0.0005,0.002,1260.0,22217.14285714286,3.3734002182051105e-19,1.249999879857118e-05,1.6124176208034976e-36,0.6770274691602448,0.1614862654198776,True,3,8.615631812043083e-17,0.0
complete_K5,5,10,complete,near_tie_audit,0.00025,0.001,1260.0,22217.14285714286,5.270937517008271e-21,3.124999924910713e-06,1.5746273438297926e-39,0.6770274924830405,0.16148625375847975,True,2,7.577081881374048e-17,0.0
complete_K5,5,10,complete,near_tie_audit,0.000125,0.0005,1260.0,22217.14285714286,8.235839743787277e-23,7.812499953069198e-07,1.5377222012532245e-42,0.6770274983137408,0.16148625084312962,True,2,6.98857051938597e-17,0.0
complete_K10,10,45,complete,requested,0.2,1.8,392040.0,197065440.0,0.4210361872145714,30.59553079511257,8.20019299777015e-07,0.6584855409963852,0.17075722950180738,True,7,6.295222896042263e-12,1.8189894035458575e-22
complete_K10,10,45,complete,requested,0.1,0.9,392040.0,197065440.0,0.006759944822386012,8.111546273325384,1.2651262266755798e-09,0.671747884406086,0.164126057796957,True,11,1.592875078134149e-09,3.552713678800503e-25
complete_K10,10,45,complete,requested,0.05,0.45,392040.0,197065440.0,0.0001052034248049811,2.054100215113365,1.3793123761993037e-12,0.6756633936685764,0.1621683031657118,True,4,5.024065216477326e-16,0.0
complete_K10,10,45,complete,requested,0.025,0.225,392040.0,197065440.0,1.6410358902647262e-06,0.51510424949104,1.3841266866919505e-15,0.6766836494337781,0.16165817528311094,True,3,3.0462673165682956e-14,0.0
complete_K10,10,45,complete,near_tie_audit,0.001,0.009000000000000001,392040.0,197065440.0,6.717506350146092e-15,0.0008249986705495423,1.4645147781181727e-29,0.6770269485834738,0.1614865257082631,True,3,3.2524211446535327e-16,0.0
complete_K10,10,45,complete,near_tie_audit,0.0005,0.0045000000000000005,392040.0,197065440.0,1.0496095639380385e-16,0.0002062499169096233,1.430205707482717e-32,0.677027362338394,0.161486318830803,True,3,7.696903111333556e-16,0.0
complete_K10,10,45,complete,near_tie_audit,0.00025,0.0022500000000000003,392040.0,197065440.0,1.6400146298638832e-18,5.1562494806855786e-05,1.3966890440654921e-35,0.6770274657775507,0.16148626711122466,True,3,3.333856828841481e-16,0.0
complete_K10,10,45,complete,near_tie_audit,0.000125,0.0011250000000000001,392040.0,197065440.0,2.5625227365872914e-20,1.2890624675428553e-05,1.3639550681442968e-38,0.6770274916373665,0.16148625418131674,True,2,1.8730576900190762e-16,0.0
complete_K20,20,190,complete,requested,0.2,3.8000000000000003,105072660.00000001,953582279760.0002,62.786479843127886,374.48320231992625,0.0005506917122716529,0.6299306625790908,0.1850346687104546,True,7,9.366524096589107e-10,0.0
complete_K20,20,190,complete,requested,0.1,1.9000000000000001,105072660.00000001,953582279760.0002,1.7528885639592473,123.18833215495975,3.7244738795990305e-06,0.658163612445128,0.170918193777436,True,12,1.5093273556566262e-09,7.27595761418343e-22
complete_K20,20,190,complete,requested,0.05,0.9500000000000001,105072660.00000001,953582279760.0002,0.028282287772848025,32.685279577216384,5.91815424131321e-09,0.6716286197736755,0.16418569011316225,True,10,1.0105592105381744e-14,1.4210854715202012e-24
complete_K20,20,190,complete,requested,0.025,0.47500000000000003,105072660.00000001,953582279760.0002,0.00044047824863879814,8.278253666224717,6.5014903583788535e-12,0.6756306069568562,0.1621846965215719,True,4,4.690378787624908e-16,0.0
complete_K20,20,190,complete,near_tie_audit,0.001,0.019,105072660.00000001,953582279760.0002,1.8003984695432692e-12,0.013299913290264203,7.086322099199327e-26,0.6770252394706517,0.16148738026467413,True,3,2.861450448160398e-14,0.0
complete_K20,20,190,complete,near_tie_audit,0.0005,0.0095,105072660.00000001,953582279760.0002,2.8131146115946988e-14,0.003324994580714953,6.920557286611281e-29,0.6770269350528562,0.16148653247357192,True,3,2.235381128200124e-15,0.0
complete_K20,20,190,complete,near_tie_audit,0.00025,0.00475,105072660.00000001,953582279760.0002,4.395488456260226e-16,0.0008312496612958321,6.758435062439389e-32,0.677027358955708,0.161486320522146,True,3,9.511279422352085e-17,0.0
complete_K20,20,190,complete,near_tie_audit,0.000125,0.002375,105072660.00000001,953582279760.0002,6.867949492405794e-18,0.00020781247883100743,6.600053366079165e-35,0.6770274649318773,0.16148626753406137,True,3,6.953023280587013e-16,0.0
er_K10_p0.2,10,12,er,requested,0.2,1.6,3217.7142857142853,122557.27224293853,0.0036075239237875188,9.073725040431743,7.870946478420226e-10,0.6692363224917124,0.1653818387541438,True,5,2.3920981583646602e-14,8.881784197001257e-26
er_K10_p0.2,10,12,er,requested,0.1,0.8,3217.7142857142853,122557.27224293853,5.5509974831217295e-05,2.4004149948005797,8.740359338488424e-13,0.6749963333866889,0.16250183330665557,True,8,1.8450682208489663e-09,1.734723475976808e-28
er_K10_p0.2,10,12,er,requested,0.05,0.4,3217.7142857142853,122557.27224293853,8.630087548763546e-07,0.6075943203046392,8.804130882234926e-16,0.67651436742189,0.161742816289055,True,4,7.383463387365554e-14,0.0
er_K10_p0.2,10,12,er,requested,0.025,0.2,3217.7142857142853,122557.27224293853,1.3466648131493905e-08,0.15235077947387546,8.664035472590016e-19,0.6768988812189409,0.16155055939052954,True,3,2.217823796061827e-15,0.0
er_K10_p0.2,10,12,er,near_tie_audit,0.001,0.008,3217.7142857142853,122557.27224293853,5.513470475689991e-17,0.00024399961897687288,9.108080874635483e-33,0.6770272942877394,0.16148635285613028,True,3,5.180491421971804e-15,0.0
er_K10_p0.2,10,12,er,near_tie_audit,0.0005,0.004,3217.7142857142853,122557.27224293853,8.6147929665302345e-19,6.099997618612856e-05,8.894637456226788e-36,0.6770274487648617,0.16148627561756917,True,3,1.2358660129140871e-15,0.0
er_K10_p0.2,10,12,er,near_tie_audit,0.00025,0.002,3217.7142857142853,122557.27224293853,1.3460612193110191e-20,1.5249998511634191e-05,8.686176038091999e-39,0.6770274873841927,0.16148625630790364,True,3,2.3360617300179293e-15,0.0
er_K10_p0.2,10,12,er,near_tie_audit,0.000125,0.001,3217.7142857142853,122557.27224293853,2.103220584193168e-22,3.8124999069771548e-06,8.482595410062299e-42,0.6770274970390286,0.16148625148048568,True,3,2.9795293096886166e-16,0.0
er_K10_p0.5,10,22,er,requested,0.2,1.4000000000000001,64705.98511710123,8041031.688390672,0.0735760982816106,13.930965221926247,4.419877623931091e-08,0.6631732883527625,0.16841335582361877,True,8,7.627069861248205e-11,1.136868377216161e-23
er_K10_p0.5,10,22,er,requested,0.1,0.7000000000000001,64705.98511710123,8041031.688390672,0.001123680640749863,3.6416579886436447,5.5232228616357025e-11,0.6732645407730471,0.16336772961347645,True,4,3.010141353423436e-13,1.1102230246251572e-26
er_K10_p0.5,10,22,er,requested,0.05,0.35000000000000003,64705.98511710123,8041031.688390672,1.7386532640111924e-05,0.9195450394882048,5.722987051559743e-14,0.6760669716476074,0.16196651417619629,True,5,3.4769127010682735e-14,0.0
er_K10_p0.5,10,22,er,requested,0.025,0.17500000000000002,64705.98511710123,8041031.688390672,2.709329175258539e-07,0.23044140022097218,5.671349646668502e-17,0.6767861144615515,0.16160694276922427,True,3,4.640166892667639e-15,0.0
er_K10_p0.5,10,22,er,near_tie_audit,0.001,0.007,64705.98511710123,8041031.688390672,1.1087212191600475e-15,0.00036899953091990744,5.975826179854906e-31,0.6770271133701034,0.16148644331494832,True,3,3.162408343969236e-16,0.0
er_K10_p0.5,10,22,er,near_tie_audit,0.0005,0.0035,64705.98511710123,8041031.688390672,1.732374978778829e-17,9.224997068256467e-05,5.8358018328598945e-34,0.677027403535305,0.1614862982323475,True,3,2.9720853607011557e-16,0.0
er_K10_p0.5,10,22,er,near_tie_audit,0.00025,0.00175,64705.98511710123,8041031.688390672,2.7068351519299727e-19,2.3062498167661393e-05,5.69903354751505e-37,0.6770274760767944,0.16148626196160282,True,3,2.6442174488011395e-16,0.0
er_K10_p0.5,10,22,er,near_tie_audit,0.000125,0.000875,64705.98511710123,8041031.688390672,4.22942963097906e-21,5.765624885478854e-06,5.565464480024e-40,0.6770274942121784,0.16148625289391078,True,3,6.07826950572335e-16,0.0
er_K20_p0.2,20,34,er,requested,0.2,2.8000000000000003,3050569.515097418,9476573571.64513,3.175598397172257,63.33804029234128,1.871173994242128e-05,0.6375675995059636,0.18121620024701818,True,9,3.725814760634685e-12,5.820766091346744e-21
er_K20_p0.2,20,34,er,requested,0.1,1.4000000000000001,3050569.515097418,9476573571.64513,0.056372294086002396,18.90543487952948,5.1237806735376154e-08,0.6639315246183821,0.16803423769080894,True,5,1.1436636520555183e-12,0.0
er_K20_p0.2,20,34,er,requested,0.05,0.7000000000000001,3050569.515097418,9476573571.64513,0.0008363891151463496,4.903252625019131,6.366615759472826e-11,0.6735169742922137,0.16324151285389316,True,4,2.767686818901681e-13,0.0
er_K20_p0.2,20,34,er,requested,0.025,0.35000000000000003,3050569.515097418,9476573571.64513,1.2841088744571632e-05,1.2360510057449734,6.589143182842582e-14,0.6761345526157708,0.1619327236921146,True,6,1.0878583041643535e-14,0.0
er_K20_p0.2,20,34,er,near_tie_audit,0.001,0.014,3050569.515097418,9476573571.64513,5.227121275149978e-14,0.0019829915497411115,7.042512763159178e-28,0.6770260633109745,0.16148696834451276,True,3,8.579299626852839e-15,0.0
er_K20_p0.2,20,34,er,near_tie_audit,0.0005,0.007,3050569.515097418,9476573571.64513,8.167315096367439e-16,0.0004957494718633115,6.877611364913251e-31,0.6770271410182457,0.16148642949087716,True,3,2.491648319468428e-16,0.0
er_K20_p0.2,20,34,er,near_tie_audit,0.00025,0.0035,3050569.515097418,9476573571.64513,1.2761405659527696e-17,0.00012393746699152717,6.716455799767798e-34,0.6770274104473871,0.16148629477630644,True,3,7.100288791507953e-16,0.0
er_K20_p0.2,20,34,er,near_tie_audit,0.000125,0.00175,3050569.515097418,9476573571.64513,1.9939686898228244e-19,3.098437293697155e-05,6.5590482544887265e-37,0.6770274778048178,0.16148626109759112,True,3,7.852026601996688e-16,0.0
er_K20_p0.5,20,105,er,requested,0.2,3.6,50058048.89190435,334111716097.7477,33.01392336313336,217.69272572605487,0.00026761442286893074,0.6302274758383493,0.18488626208082537,True,7,8.290509275615896e-10,0.0
er_K20_p0.5,20,105,er,requested,0.1,1.8,50058048.89190435,334111716097.7477,0.8467554089804228,71.490539686437,1.4528885477026921e-06,0.658569482750832,0.17071525862458398,True,5,6.872530217394345e-11,3.637978807091715e-22
er_K20_p0.5,20,105,er,requested,0.05,0.9,50058048.89190435,334111716097.7477,0.013502555105747882,18.943968734420046,2.131322378618201e-09,0.6717897970930019,0.16410510145349905,True,4,5.080481664565369e-12,0.0
er_K20_p0.5,20,105,er,requested,0.025,0.45,50058048.89190435,334111716097.7477,0.00020994236275536778,4.796757130082763,2.293672616326703e-12,0.6756756283464179,0.16216218582679104,True,8,2.8092351644081363e-11,0.0
er_K20_p0.5,20,105,er,near_tie_audit,0.001,0.018000000000000002,50058048.89190435,334111716097.7477,8.577349618250427e-13,0.007705950619559854,2.4828998189594602e-26,0.6770253141706819,0.16148734291465905,True,3,2.933579097626229e-14,0.0
er_K20_p0.5,20,105,er,near_tie_audit,0.0005,0.009000000000000001,50058048.89190435,334111716097.7477,1.3402064054255243e-14,0.0019264969137622928,2.4247992819199684e-29,0.6770269537286759,0.16148652313566203,True,3,3.771813040413504e-15,0.0
er_K20_p0.5,20,105,er,near_tie_audit,0.00025,0.0045000000000000005,50058048.89190435,334111716097.7477,2.0940707612247548e-16,0.0004816248071107652,2.3679906144522498e-32,0.6770273636247137,0.16148631818764314,True,3,5.500674112883013e-16,0.0
er_K20_p0.5,20,105,er,near_tie_audit,0.000125,0.0022500000000000003,50058048.89190435,334111716097.7477,3.271984881872499e-18,0.00012040623794443255,2.3124963436552583e-35,0.6770274660991319,0.16148626695043405,True,3,7.593524036700141e-16,0.0
er_K50_p0.2,50,236,er,requested,0.2,9.200000000000001,28940832585.670483,7957636261286755.0,632.6260497811879,1012.1589716368952,0.003833183504939463,0.6049457910855852,0.1975271044572074,True,12,7.975279283524603e-10,0.011713232826893965
er_K50_p0.2,50,236,er,requested,0.1,4.6000000000000005,28940832585.670483,7957636261286755.0,182.76028777018502,627.0951148533948,0.001577053149550809,0.6194122453758162,0.1902938773120919,True,11,2.6471535413919203e-09,3.725290298461916e-19
er_K50_p0.2,50,236,er,requested,0.05,2.3000000000000003,28940832585.670483,7957636261286755.0,7.677058158928074,242.03792589243557,2.3412456570597585e-05,0.6498631620582834,0.17506841897085829,True,6,2.857353442527076e-12,0.0
er_K50_p0.2,50,236,er,requested,0.025,1.1500000000000001,28940832585.670483,7957636261286755.0,0.12412641380437471,67.18702898869114,4.5464231838323814e-08,0.6688088809064984,0.16559555954675081,True,18,2.6455734947091517e-10,5.684341886080805e-24
er_K50_p0.2,50,236,er,near_tie_audit,0.001,0.046,28940832585.670483,7957636261286755.0,4.95920147935217e-10,0.11064027031987769,5.91190083992105e-22,0.6770134777413983,0.16149326112930085,True,6,7.36043390230252e-12,0.0
er_K50_p0.2,50,236,er,near_tie_audit,0.0005,0.023,28940832585.670483,7957636261286755.0,7.748438283957784e-12,0.027660954420545763,5.774801571349929e-25,0.6770239943577444,0.1614880028211278,True,3,1.1489905362459758e-13,0.0
er_K50_p0.2,50,236,er,near_tie_audit,0.00025,0.0115,28940832585.670483,7957636261286755.0,1.2106812107846358e-13,0.006915294026683446,5.639811370072034e-28,0.6770266237655044,0.1614866881172478,True,3,1.4373530566206479e-15,0.0
er_K50_p0.2,50,236,er,near_tie_audit,0.000125,0.00575,28940832585.670483,7957636261286755.0,1.8916845980308777e-15,0.0017288269704239553,5.507715381290861e-31,0.6770272811332997,0.16148635943335016,True,3,2.262204176159516e-16,0.0
er_K50_p0.5,50,636,er,requested,0.2,9.8,81042942031.60513,2.951554473487616e+16,1684.5436042465342,2615.262342796323,0.012654758836936144,0.6061717375164095,0.19691413124179524,True,12,3.815990400099927e-10,5.960464477539066e-18
er_K50_p0.5,50,636,er,requested,0.1,4.9,81042942031.60513,2.951554473487616e+16,458.8671205451041,1597.0107554942126,0.004667134387861159,0.6209766513483013,0.18951167432584937,True,17,6.268836586372441e-09,1.4901161193847664e-18
er_K50_p0.5,50,636,er,requested,0.05,2.45,81042942031.60513,2.951554473487616e+16,20.027074663765912,605.2088145670518,7.752984784081266e-05,0.6501860949158905,0.17490695254205474,True,8,1.9636342506652776e-12,2.3283064365386976e-20
er_K50_p0.5,50,636,er,requested,0.025,1.225,81042942031.60513,2.951554473487616e+16,0.3416860670015009,167.2075174405975,1.6383507742449223e-07,0.6687549296631125,0.16562253516844377,True,5,7.749010612423264e-14,4.547473508864644e-23
er_K50_p0.5,50,636,er,near_tie_audit,0.001,0.049,81042942031.60513,2.951554473487616e+16,1.3886885408062387e-09,0.2750267009147208,2.1926750756040645e-21,0.6770132794471219,0.16149336027643907,True,3,1.4215057604502189e-16,0.0
er_K50_p0.5,50,636,er,near_tie_audit,0.0005,0.0245,81042942031.60513,2.951554473487616e+16,2.1697794234782838e-11,0.0687587938669744,2.1418985169310177e-24,0.6770239447476247,0.16148802762618764,True,3,2.0923499452974154e-16,0.0
er_K50_p0.5,50,636,er,near_tie_audit,0.00025,0.01225,81042942031.60513,2.951554473487616e+16,3.3902622007510316e-13,0.017189830867620493,2.091847758431514e-27,0.6770266113606898,0.16148669431965512,True,3,1.4376322081546197e-15,0.0
er_K50_p0.5,50,636,er,near_tie_audit,0.000125,0.006125,81042942031.60513,2.951554473487616e+16,5.2972775979745046e-15,0.004297465991740884,2.0428566960575513e-30,0.6770272780319533,0.16148636098402336,True,3,6.44858227655307e-16,0.0
sparse_K10,10,19,sparse,requested,0.2,1.6,54612.98925735635,32093647.678275563,0.07000600218411726,11.675140822738701,1.5864415509221625e-07,0.6603287991240402,0.1698356004379799,True,11,1.2716892751497197e-11,2.273736754432322e-23
sparse_K10,10,19,sparse,requested,0.1,0.8,54612.98925735635,32093647.678275563,0.0009799769459514353,3.0888466851724927,2.1513456406473832e-10,0.6723365154392809,0.16383174228035957,True,4,2.6882218412964774e-12,0.0
sparse_K10,10,19,sparse,requested,0.05,0.4,54612.98925735635,32093647.678275563,1.4797199260203426e-05,0.7818869456874449,2.2706225515300544e-13,0.6758199821623074,0.16209000891884628,True,8,1.757018530774359e-11,0.0
sparse_K10,10,19,sparse,requested,0.025,0.2,54612.98925735635,32093647.678275563,2.291503321132151e-07,0.19605682262296278,2.260223494641956e-16,0.6767234087634612,0.16163829561826942,True,3,1.819019113111855e-14,0.0
sparse_K10,10,19,sparse,near_tie_audit,0.001,0.008,54612.98925735635,32093647.678275563,9.357833367929195e-16,0.0003139995066659622,2.38508706972287e-30,0.6770270125276077,0.16148649373619617,True,3,9.943058472629455e-16,0.0
sparse_K10,10,19,sparse,near_tie_audit,0.0005,0.004,54612.98925735635,32093647.678275563,1.462156168205796e-17,7.84999691667131e-05,2.3292043188335714e-33,0.6770273783245266,0.16148631083773668,True,3,1.5864722805734478e-16,0.0
sparse_K10,10,19,sparse,near_tie_audit,0.00025,0.002,54612.98925735635,32093647.678275563,2.2846169442502807e-19,1.9624998072920982e-05,2.2746179205806178e-36,0.67702746977409,0.161486265112955,True,3,4.45035212905422e-16,0.0
sparse_K10,10,19,sparse,near_tie_audit,0.000125,0.001,54612.98925735635,32093647.678275563,3.569713167355057e-21,4.906249879557583e-06,2.221307619701082e-39,0.6770274926365017,0.16148625368174913,True,2,1.756696946192894e-16,0.0
sparse_K20,20,39,sparse,requested,0.2,3.0,3690882.435171797,13343198765.966986,4.844507374144364,41.886490826541596,2.8789651782058628e-05,0.6348998941839565,0.18255005290802173,True,7,3.161647217604499e-11,5.820766091346744e-21
sparse_K20,20,39,sparse,requested,0.1,1.5,3690882.435171797,13343198765.966986,0.07457636962673099,13.175707282135807,7.53054687948188e-08,0.6624674656658799,0.16876626716706006,True,6,8.90838454390106e-14,1.136868377216161e-23
sparse_K20,20,39,sparse,requested,0.05,0.75,3690882.435171797,13343198765.966986,0.0010355517392322223,3.4560128726461596,9.071252028996382e-11,0.673086651736193,0.1634566741319035,True,4,6.258535376097986e-13,0.0
sparse_K20,20,39,sparse,requested,0.025,0.375,3690882.435171797,13343198765.966986,1.562664611684195e-05,0.8732633038406056,9.305808009706164e-14,0.6760228173557022,0.16198859132214888,True,8,1.9890798197685876e-12,0.0
sparse_K20,20,39,sparse,near_tie_audit,0.001,0.015,3690882.435171797,13343198765.966986,6.324349912916228e-14,0.0014019924215860511,9.916042541386393e-28,0.677025882308378,0.161487058845811,True,3,1.147645322515772e-14,0.0
sparse_K20,20,39,sparse,near_tie_audit,0.0005,0.0075,3690882.435171797,13343198765.966986,9.881653108602849e-16,0.00035049952635426876,9.683821569561966e-31,0.6770270957669268,0.16148645211653662,True,3,6.106840361384478e-16,0.0
sparse_K20,20,39,sparse,near_tie_audit,0.00025,0.00375,3690882.435171797,13343198765.966986,1.5440026876436647e-17,8.762497039722212e-05,9.4569024790922e-34,0.6770273991345156,0.1614863004327422,True,3,8.553249276378474e-16,0.0
sparse_K20,20,39,sparse,near_tie_audit,0.000125,0.001875,3690882.435171797,13343198765.966986,2.412502007810615e-19,2.1906248149827638e-05,9.2352674301731e-37,0.6770274749765972,0.1614862625117014,True,3,6.298657325067156e-16,0.0
sparse_K50,50,99,sparse,requested,0.2,7.800000000000001,1586271929.8220005,277283885555597.94,118.42860300899571,204.13045474861022,0.0010232256461593378,0.6058713949633535,0.19706430251832324,True,10,2.0042748847658073e-09,3.725290298461916e-19
sparse_K50,50,99,sparse,requested,0.1,3.9000000000000004,1586271929.8220005,277283885555597.94,28.208558756685846,120.06105445686428,0.00015342500770061326,0.6234330389880796,0.18828348050596022,True,27,9.959942456959131e-11,2.3283064365386976e-20
sparse_K50,50,99,sparse,requested,0.05,1.9500000000000002,1586271929.8220005,277283885555597.94,0.5399987320518949,43.86455685098373,1.1410243439232683e-06,0.6548663903620562,0.1725668048189719,True,14,1.3472982871746534e-13,1.8189894035458575e-22
sparse_K50,50,99,sparse,requested,0.025,0.9750000000000001,1586271929.8220005,277283885555597.94,0.007145493679408785,11.928091828002982,1.7297464792673483e-09,0.6706398738246103,0.16468006308769484,True,5,2.3459972533022194e-15,3.552713678800503e-25
sparse_K50,50,99,sparse,near_tie_audit,0.001,0.039,1586271929.8220005,277283885555597.94,2.7183733157669546e-11,0.019538309552934553,2.0602935453596406e-23,0.6770167905718094,0.1614916047140953,True,3,3.3128144492566684e-16,0.0
sparse_K50,50,99,sparse,near_tie_audit,0.0005,0.0195,1586271929.8220005,277283885555597.94,4.247060789750087e-13,0.004884706850006325,2.0123011095679696e-26,0.6770248226865015,0.16148758865674923,True,3,6.405005991623168e-14,0.0
sparse_K50,50,99,sparse,near_tie_audit,0.00025,0.00975,1586271929.8220005,277283885555597.94,6.635877201975486e-15,0.001221184803171462,1.9652099952783087e-29,0.6770268308552664,0.1614865845723668,True,3,4.2673272780981954e-16,0.0
sparse_K50,50,99,sparse,near_tie_audit,0.000125,0.004875,1586271929.8220005,277283885555597.94,1.0368497470830589e-16,0.0003052967064489362,1.919168011372087e-32,0.6770273329062135,0.16148633354689323,True,3,8.763687747033896e-16,0.0
tree_K10,10,9,tree,requested,0.2,0.2,0.0,0.0,0.0,0.3594090559056163,0.0,0.6770275002573075,0.16148624987134624,True,0,0.0,0.0
tree_K10,10,9,tree,requested,0.1,0.1,0.0,0.0,0.0,0.08996315910135921,0.0,0.6770275002573075,0.16148624987134624,True,0,0.0,0.0
tree_K10,10,9,tree,requested,0.05,0.05,0.0,0.0,0.0,0.022497698904717162,0.0,0.6770275002573075,0.16148624987134624,True,0,0.0,0.0
tree_K10,10,9,tree,requested,0.025,0.025,0.0,0.0,0.0,0.005624856204394848,0.0,0.6770275002573075,0.16148624987134624,True,0,0.0,0.0
tree_K10,10,9,tree,near_tie_audit,0.001,0.001,0.0,0.0,0.0,8.999999631902724e-06,0.0,0.6770275002573075,0.16148624987134624,True,0,0.0,0.0
tree_K10,10,9,tree,near_tie_audit,0.0005,0.0005,0.0,0.0,0.0,2.2499999769939216e-06,0.0,0.6770275002573075,0.16148624987134624,True,0,0.0,0.0
tree_K10,10,9,tree,near_tie_audit,0.00025,0.00025,0.0,0.0,0.0,5.624999985621201e-07,0.0,0.6770275002573075,0.16148624987134624,True,0,0.0,0.0
tree_K10,10,9,tree,near_tie_audit,0.000125,0.000125,0.0,0.0,0.0,1.4062499991013248e-07,0.0,0.6770275002573075,0.16148624987134624,True,0,0.0,0.0
