id,position_rms,mean_beta,beta_edge_sd,cycle_logit_rms,common_beta_logit_rmse,common_beta_probability_rmse,mean_aggregation_change,max_aggregation_change,forward_L_residual,forward_L_eta,reverse_mapped_L_residual,reverse_mapped_L_eta,probability_mean_L_residual,probability_mean_L_eta,logit_mean_L_residual,logit_mean_L_eta
57eb460963ff9d29bbf71fa7105db445ddaea18ddcd8f61182a38e6317bc1b7e,0.6110626096753718,-1.4375,0.3787787049078481,0.0498206418482005,0.38204110203724595,0.06360718249419786,0.01909638190200776,0.029813289861731596,0.011564074537185075,0.12389767643654842,0.04791729697070061,0.16956300727164444,0.006583509804363484,1.2095865852009657e-27,0.012302550358217947,1.0349535105543486e-14
d14e79b4b05dcb68944976a2d443ef55dd5f24e13565bf1f5f44914f89ea65bc,0.4975356178568809,-1.1171875,0.4382202033391242,0.1317358319785598,0.4575929152004724,0.07812799956304986,0.01714134154649463,0.0357364113715935,0.041408480155325264,0.09177720989361596,0.0791676273443785,1.2894735823346782e-22,0.030596136592070847,1.058062457882774e-18,0.031217992618998512,5.438217753976402e-25
a0a8112e36351f6183c83efd108321fa269fae739a2927134630895c6b8a249c,0.6063211642149122,-1.4205729166666667,0.26625295972696356,0.18980516583213036,0.32698109966774924,0.05803403676410587,0.014109563986270427,0.024986191835723537,0.04603848689175965,0.1849638329267613,0.01725473411075282,0.17611700699588964,0.03323714085831251,0.4591701554289954,0.04390580632182455,0.45076716218533175
9ce624cdebb85355e15da1268718d48a223eecde35df91b88be0f5202f38607f,0.37134246355429906,-0.7552083333333334,0.30531008329533693,0.08763707640866583,0.3176389524653169,0.0687654198017483,0.008793334056089388,0.02280010547153305,0.07917908132119097,0.2913726254868305,0.056810095348434966,0.3190062899202181,0.019368003093993953,7.868234779467022e-18,0.021681172992805642,6.090117259921666e-22
fe4607fb22451085da65e3b904ae771cab68f095c41b07a5d72df6dec089c1c1,0.4653018485586614,-0.7057291666666666,0.8763204632173508,0.09342391205547967,0.881286322143503,0.18851309628705812,0.014181735754630673,0.03569237335587461,0.20823028785658929,0.3950528120566287,0.12911409628796303,0.26248465587057607,0.028223582428034348,6.769550739011832e-15,0.018346794279334385,0.40848761586908616
2f66f0bffa31e163d031c2131ad6cae18be4a5c6d1e548f976a2bbb9b70a0443,0.5762100248460367,-1.32421875,0.2056508619438031,0.09974332292815394,0.22856291800504114,0.03898731403417975,0.013689825234557132,0.024546762197190763,0.008258458728313316,0.181479710163149,0.05325319231821706,0.2196841385035371,0.014253174879770143,0.4590367157864701,0.0201016647683115,0.44330362842528176
db3d93ec00ccfe61ca3e6780d212260a2da4f1e804192217e6f9a28f8dd095bc,0.34315329463964583,-0.7356770833333334,0.31153551249020506,0.04261215669779577,0.3144362756441633,0.06325304331133602,0.014942376554811574,0.03332010778478167,0.04223877663296602,0.2198270082723754,0.08704223906345135,1.419386413156594e-22,0.013132047136161073,4.7472875821938075e-18,0.009563949837183764,1.6644710879449895e-18
b8056f773d04c06e9e538c520f6b230d3a809d5d700a8f1afab51be791161488,0.8472898596190275,-3.02734375,0.5307087852849676,0.18985875283653852,0.5636471953334743,0.050472289599465946,0.15168635688777102,0.23726141702890005,0.045255044112864955,0.048916882597188883,0.009750778901647841,0.026445629475379873,0.02036972955947711,5.920476781416562e-20,0.015284482375135402,0.21756730969031746
4b042f6fe3090d7bef5698a7bf32674cfef9f8b1f4a0286fd9ea46f426bbb645,0.42897656670067336,-0.8359375,0.5394397834308448,0.16615726188488825,0.5644497458808889,0.11552708366717648,0.010182739065054819,0.027516177115153195,0.16580001264251013,2.5098721145950417e-21,0.06546899716820707,0.22741268707653844,0.043425171924303986,5.564680121812399e-20,0.03842762354899847,1.8822021456750513e-15
a1e0ef35592a9bd76ecb8c9ab5faabaf82b0b18669e4c3192746c4e0d3d3adee,0.5505586561715917,-1.34375,0.4662912948089245,0.2982168823512023,0.5534987629018282,0.07647962762296372,0.048835943560159974,0.11775609991492592,0.05085076716187778,0.011564630760546821,0.06203186938151379,0.13583789650562217,0.03141333674692306,0.3087696484996724,0.04817439811603842,0.33426309569785534
1c4221e3484fececf951c42c25cddc302f3abaa013999dee1eb6fa7d1ff638aa,0.4841673718634825,-1.6067708333333333,0.692243147374393,0.47720243918985783,0.8407869784050865,0.1726132195627601,0.10382104235358153,0.19232258085768042,0.05261292042270307,0.015280634115796884,0.1456723508374004,0.2524478452166462,0.03722300765762637,0.27945226564847847,0.018888385138776484,0.13339630771577438
0dead15778d83133aee30120ec68b75f0bd2793358f79165e9fbc440ba60cce0,0.6295575523813038,-1.5520833333333333,0.6871842709362768,0.2511772412270202,0.7316503459526544,0.10597623972149886,0.035433281234844925,0.12175131777558568,0.10995846794099849,0.17687053301326006,0.06529721877186205,0.18695770587614366,0.03102763297512613,0.4760573116549383,0.06149297665195079,1.2079307491546288e-20
53fe1745802ad65011adfaff35c89d756148842e9960513e175ea2f2cafa7854,0.44534844241149235,-0.96875,0.06929236820651079,0.030840414797726586,0.07584565562088905,0.014275784172616669,0.010872037560200479,0.016488703584843667,0.04533012947959247,0.29886324275593606,0.014589989329921433,0.2334801499813121,0.0038399644698766263,0.39699287325931093,0.004643670458971102,0.3908113550226344
b7743268c175e7d3777f98449861f692dc92acfeb34c50746a68c0a1e6c37ec5,0.6790519415587978,-2.0677083333333335,0.4606652326768564,0.15928050711846906,0.4874245957531677,0.05742081195935061,0.11385361174434294,0.17461878541220988,0.1331103293232677,0.28394921879381974,0.006776524052792605,0.03074314705410056,0.027880027527869847,1.3084642400254864e-14,0.030113108591502298,0.08280633310015474
6fe68e4ae7f3f4606a322605e0be63720d7de50d9df26eefb43f855e134f8566,0.208534142437548,0.3255208333333333,0.30454278970924414,0.14669689444956166,0.33803297118037867,0.08006086383052773,0.002837065832794463,0.013037397893200686,0.07506247486610756,0.4033817115174691,0.03877078749703101,4.3320547423409714e-16,0.034593434960080355,0.40683099600312367,0.032823660778508935,0.4012823913688465
91404fc47e1d6039c2ba5b95fa0a0b14c2ccaba6b71a77b81d12bc23221b0d2e,0.5614861419362515,-1.6067708333333333,0.8967564284764782,0.47704253487307086,1.0157468543352788,0.11644062496020402,0.04589957190484876,0.17286361713880322,0.027850101479838317,0.00895864989766147,0.09463175412234863,2.3108511749530044e-25,0.023299517367442672,0.2609954995952434,0.06877162125156672,1.1673894531612791e-21
9ee757f257505031e9f030201ee1a1152e8a59a47434dbbf29c4e04d459e0440,0.6800985549208066,-1.8098958333333333,0.44649119104474566,0.33710130289196205,0.5594565864229448,0.07813126172240113,0.06999676221186171,0.14388725335585761,0.061860530732276674,0.1321875599302731,0.1061464901557508,0.16471321600129815,0.023876870470505487,0.42011474102770524,0.04384038972256469,0.33094591839466714
c23a5f2b7a5c31f8320d210a8f3a03a54ead1777fe9c0b9370917ee204efacf0,0.4064564869032125,-0.8619791666666666,0.21360517348343622,0.0542673593337883,0.22039082655126865,0.045022056944573764,0.009355694969718581,0.02410640053679014,0.04406780553494357,0.27049749968176584,0.04567658074768055,0.2722264354092679,0.009989117400867971,2.14462798894185e-14,0.01339668603300556,4.849396006260105e-19
48b63c9528bc6112ee22b24a5a4e3e5a962e92e40c0aef3f29229c7fa1a2fc74,0.5589675349311916,-1.3098958333333333,0.37035058993041386,0.08676214192165459,0.3803777447914624,0.06381735251927877,0.02721110082404952,0.06738832149044999,0.07248351948340821,0.17179431041976892,0.07638178814854876,0.25626410320770443,0.0128626601851805,0.4089365639902518,0.02051924757487442,2.2926270057985656e-29
4b55c5dd6a900eac9c70b355c80a9eb10c7f30e39be3e8471705bc768394169a,0.6144494931133488,-1.578125,0.19030026985880324,0.15722352966795397,0.24684697889498936,0.0412589468429771,0.06222955393305548,0.10158341298995055,0.020028252917249266,0.07407606388202066,0.035085204450095143,0.26957262599388115,0.004543222865022683,0.386180241561659,0.006458356375011149,0.29218969867222655
103e33f59467b0cdac6dcb7ac0fa4192ce0333ef16050223b767073c8d485e31,0.6340384387279503,-1.5065104166666667,0.1389817669052961,0.10611779458754785,0.1748625684937833,0.025700743696423677,0.012416203732166916,0.032223388588077995,0.013692694695189264,0.15002276864844682,0.031076383724032715,0.1855112827545789,0.01509603302499281,0.4763917806017087,0.0244152864208966,0.46277270238928275
d1ce09e5ffc240ce741dc6eaffe36d317ca3f56a3228c38dad03de65e2b33d00,0.6907635355089446,-1.7955729166666667,0.6813679039950576,0.15741751312195224,0.6993157327217213,0.08719469480493997,0.026998473760933738,0.06757459501358176,0.06090539208141569,0.13711748275823912,0.07127694372625673,0.14189294101616373,0.023667404361462738,0.46316280031821805,0.03674387314666722,0.4217841991509551
e920e4219b5803a5e3c43727cf9b83d92464095306c8fe34d25a0dc877d0a59f,0.5172871311153677,-1.1653645833333333,0.2917741849816419,0.05833275204323469,0.297548122129243,0.05356460246374745,0.014794610920783177,0.04228657138613823,0.08646229002947665,0.2817600780591329,0.02631309239213157,0.17961042784537,0.006354143617742708,1.4258550516529986e-15,0.01374183499837306,1.8840141389547424e-15
4fba16e45e8849b9c5502037c6fced29435b168274a540766a7e763a04395a74,0.716013633079838,-1.8177083333333333,0.1566184891016135,0.05745419654403701,0.16682426630737224,0.020948641214323476,0.023863471973799354,0.03575103146262404,0.03222469494936092,0.13346946535882093,0.009841428064436619,0.13075781008419862,0.0051771304426269735,0.46659606436875317,0.008736852185264599,0.4351798000239291
69a0d54a1406129e4b95ef8559b103298d09491b284ab2cdd18f4f0663347e92,0.38361668372546337,-0.77734375,0.3254400941537666,0.07034865968354218,0.3329567371327442,0.06975779425800328,0.00507676134690956,0.016037292442351747,0.059609407727418746,0.308236770945416,0.07824470681410363,0.2993866234593438,0.01690774707994294,4.269277749282739e-13,0.01752579390718872,1.7531394568407918e-12
751964edf13172296e88a554fc17ffdecbb884f886533db50b0c68a6dd68b553,0.48747807695462364,-1.19921875,0.1704337059151715,0.172037683424967,0.24216649774526688,0.0426634179667561,0.03843343123719138,0.07569811107511426,0.04394418541492261,0.11932736051471346,0.06812475329635774,0.22139159253868784,0.028223341278708382,0.07012205164992136,0.03741396573703206,0.10203959693458312
7f22d3b8201c6664858cecad17eba12605cd9558a3486e1e7325862fd61214e7,0.5825414830331533,-1.3411458333333333,0.3417218419625903,0.10410968493562851,0.3572291194341544,0.06262152978632601,0.014180459510895407,0.019256110412662064,0.07628370903285454,0.2162929722354782,0.03643871994549089,0.1913125231140607,0.01781301350098928,0.46168027053670213,0.017701281480129533,0.4470777278946685
23eb39e24beb07569497c22105e47f9b386a02c0fd8109fbb7daff1aa5032fde,0.627144109620117,-1.49609375,0.44826665408444394,0.051674830294230284,0.4512352836935516,0.0731155450313551,0.015292335353577121,0.027324097454822116,0.10074423921905089,0.1889668758662502,0.040039452691435586,0.16182970427745075,0.008787420870249857,1.120959825794398e-21,0.01272553458403155,0.4123771354355285
fcc0f9b0e438bcedacb490bd82cc833b37c9777edbeafbe3992ba0a0aa90bc6e,0.4973139782445861,-1.140625,0.11942311966456355,0.2318768776597381,0.26082325031263187,0.04094225390030647,0.022878059489832892,0.06051329651826681,0.08239604735491377,0.260612473376212,0.006701894214415778,0.17358982270003756,0.03660132236254359,0.41118408356159164,0.05228716062303068,0.3794461701163443
298ec6c2bc8ff0ee3efd88a60101878fad713a5f1a7d9b0d192981ee6e2cdfd7,0.5117503560752115,-1.14453125,0.15174159843402368,0.035300629457619685,0.1557936042827711,0.026736272176813205,0.01580318522113866,0.028508797983202827,0.06351838752544937,0.24412728971950481,0.02954168325923122,0.2250747045518693,0.004380145670722826,0.3887947497644304,0.005509149998663669,0.39153226903491656
57e1c032bc97e802a98403e6bcdc389793f2c2adf10ba31351e379fa4ae8d41d,0.5226325364466851,-1.1640625,0.2795084971874737,0.08234068621751238,0.2913846059879808,0.051715113349238694,0.013376168799946325,0.021183940143141067,0.060001205147557475,0.2035549227407929,0.028969448124856207,0.23329621765789152,0.00749047524865133,0.4625232799948234,0.009076849575845312,0.4484534768409172
430a654dfdd9ec9507f9a8456f0045964b52c272afe0daa8a1f6205beaa8b346,0.5423326376178645,-1.6276041666666667,0.532142836336156,0.5902230430607532,0.7946944311015303,0.13039680410586543,0.09962493829049685,0.18325216899307797,0.027838576985954336,0.07317051105856097,0.19009988974602984,0.28537860797560605,0.03582955168558742,0.3257490807360531,0.05151663785435319,0.2116121110325432
