id,i,j,forward_p_i,reversed_mapped_p_i,forward_cached_pA,reverse_cached_pA,logit_forward,logit_reverse_mapped,probability_mean,logit_mean_probability,beta_edge
57eb460963ff9d29bbf71fa7105db445ddaea18ddcd8f61182a38e6317bc1b7e,0,1,0.18952109132967757,0.7826624789529376,0.18952108919620514,0.21733751893043518,-1.453125,1.28125,0.4860917851413076,0.47852883753932274,-1.3671875
57eb460963ff9d29bbf71fa7105db445ddaea18ddcd8f61182a38e6317bc1b7e,0,2,0.16238003666671086,0.6926419831347361,0.16238002479076385,0.3073580265045166,-1.640625,0.8125,0.4275110099007235,0.3979384110732902,-1.2265625
57eb460963ff9d29bbf71fa7105db445ddaea18ddcd8f61182a38e6317bc1b7e,0,3,0.12940273159163906,0.7981867777396212,0.12940272688865662,0.2018132209777832,-1.90625,1.375,0.46379475466563014,0.43398146480389854,-1.640625
57eb460963ff9d29bbf71fa7105db445ddaea18ddcd8f61182a38e6317bc1b7e,1,2,0.2877678157610531,0.6442251064863697,0.28776782751083374,0.3557748794555664,-0.90625,0.59375,0.4659964611237114,0.461016779312316,-0.75
57eb460963ff9d29bbf71fa7105db445ddaea18ddcd8f61182a38e6317bc1b7e,1,3,0.11279540628289322,0.8418256472515684,0.1127953976392746,0.15817435085773468,-2.0625,1.671875,0.4773105267672308,0.4513265055870016,-1.8671875
57eb460963ff9d29bbf71fa7105db445ddaea18ddcd8f61182a38e6317bc1b7e,2,3,0.16238003666671086,0.870597268408361,0.16238002479076385,0.12940272688865662,-1.640625,1.90625,0.516488652537536,0.5331544046668082,-1.7734375
d14e79b4b05dcb68944976a2d443ef55dd5f24e13565bf1f5f44914f89ea65bc,0,1,0.18242552380635635,0.6992544210587585,0.18242551386356354,0.30074557662010193,-1.5,0.84375,0.4408399724325574,0.4186969093556867,-1.171875
d14e79b4b05dcb68944976a2d443ef55dd5f24e13565bf1f5f44914f89ea65bc,0,2,0.14414885303274058,0.5621765008857981,0.14414885640144348,0.43782350420951843,-1.78125,0.25,0.35316267695926934,0.31742626558767584,-1.015625
d14e79b4b05dcb68944976a2d443ef55dd5f24e13565bf1f5f44914f89ea65bc,0,3,0.09268777863937604,0.8596637505099167,0.09268777817487717,0.14033624529838562,-2.28125,1.8125,0.4761757645746464,0.4416730056646256,-2.046875
d14e79b4b05dcb68944976a2d443ef55dd5f24e13565bf1f5f44914f89ea65bc,1,2,0.25683199138751883,0.679178699175393,0.2568320035934448,0.3208213150501251,-1.0625,0.75,0.4680053452814559,0.461016779312316,-0.90625
d14e79b4b05dcb68944976a2d443ef55dd5f24e13565bf1f5f44914f89ea65bc,1,3,0.2877678157610531,0.679178699175393,0.28776782751083374,0.3208213150501251,-0.90625,0.75,0.483473257468223,0.48047867804790706,-0.828125
d14e79b4b05dcb68944976a2d443ef55dd5f24e13565bf1f5f44914f89ea65bc,2,3,0.320821300824607,0.672331699179286,0.3208213150501251,0.32766830921173096,-0.75,0.71875,0.49657650000194653,0.49609382947091957,-0.734375
a0a8112e36351f6183c83efd108321fa269fae739a2927134630895c6b8a249c,0,1,0.18713268216242657,0.6150878555160665,0.18713268637657166,0.3849121630191803,-1.46875,0.46875,0.4011102688392465,0.3775406687981454,-0.96875
a0a8112e36351f6183c83efd108321fa269fae739a2927134630895c6b8a249c,0,2,0.17781086947804958,0.8397339676722393,0.17781086266040802,0.16026602685451508,-1.53125,1.65625,0.5087724185751444,0.5156199157230156,-1.59375
a0a8112e36351f6183c83efd108321fa269fae739a2927134630895c6b8a249c,0,3,0.17106119167858438,0.8438951025545426,0.1710611879825592,0.1561049073934555,-1.578125,1.6875,0.5074781471165635,0.5136684686198906,-1.6328125
a0a8112e36351f6183c83efd108321fa269fae739a2927134630895c6b8a249c,1,2,0.16451646289656316,0.8080672135527632,0.16451644897460938,0.1919327974319458,-1.625,1.4375,0.4862918382246632,0.47657965106367606,-1.53125
a0a8112e36351f6183c83efd108321fa269fae739a2927134630895c6b8a249c,1,3,0.28140560742914383,0.7931059511841119,0.28140559792518616,0.20689405500888824,-0.9375,1.34375,0.5372557793066278,0.5506073655352404,-1.140625
a0a8112e36351f6183c83efd108321fa269fae739a2927134630895c6b8a249c,2,3,0.13296424019782926,0.8080672135527632,0.13296423852443695,0.1919327974319458,-1.875,1.4375,0.47051572687529625,0.4455295350395727,-1.65625
9ce624cdebb85355e15da1268718d48a223eecde35df91b88be0f5202f38607f,0,1,0.2751297238231752,0.7905303186696747,0.2751297354698181,0.20946969091892242,-0.96875,1.328125,0.532830021246425,0.5448013956982781,-1.1484375
9ce624cdebb85355e15da1268718d48a223eecde35df91b88be0f5202f38607f,0,2,0.34864513533394575,0.6039318337259583,0.3486451506614685,0.39606815576553345,-0.625,0.421875,0.476288484529952,0.4746311777449677,-0.5234375
9ce624cdebb85355e15da1268718d48a223eecde35df91b88be0f5202f38607f,0,3,0.42632159254749036,0.6442251064863697,0.4263215959072113,0.3557748794555664,-0.296875,0.59375,0.53527334951693,0.5370413867561842,-0.4453125
9ce624cdebb85355e15da1268718d48a223eecde35df91b88be0f5202f38607f,1,2,0.18952109132967757,0.6370307944803831,0.18952108919620514,0.36296921968460083,-1.453125,0.5625,0.41327594290503034,0.3904758374334973,-1.0078125
9ce624cdebb85355e15da1268718d48a223eecde35df91b88be0f5202f38607f,1,3,0.2173375210470625,0.6757646010190476,0.21733751893043518,0.32423537969589233,-1.28125,0.734375,0.44655106103305503,0.4320633892123068,-1.0078125
9ce624cdebb85355e15da1268718d48a223eecde35df91b88be0f5202f38607f,2,3,0.399811640739795,0.5964331462646254,0.39981165528297424,0.4035668969154358,-0.40625,0.390625,0.4981223935022102,0.4980468849340468,-0.3984375
fe4607fb22451085da65e3b904ae771cab68f095c41b07a5d72df6dec089c1c1,0,1,0.1732882059293266,0.7772998611746911,0.17328819632530212,0.22270014882087708,-1.5625,1.25,0.47529403355200883,0.461016779312316,-1.40625
fe4607fb22451085da65e3b904ae771cab68f095c41b07a5d72df6dec089c1c1,0,2,0.6076631698328917,0.6513548646660542,0.6076632142066956,0.3486451506614685,0.4375,0.625,0.629509017249473,0.6297746074044134,-0.09375
fe4607fb22451085da65e3b904ae771cab68f095c41b07a5d72df6dec089c1c1,0,3,0.658417500561683,0.5078118642792044,0.6584175229072571,0.49218812584877014,0.65625,0.03125,0.5831146824204437,0.5851011542032312,0.3125
fe4607fb22451085da65e3b904ae771cab68f095c41b07a5d72df6dec089c1c1,1,2,0.19193278644723683,0.8840392817460332,0.1919327974319458,0.11596070975065231,-1.4375,2.03125,0.537986034096635,0.5736784074525096,-1.734375
fe4607fb22451085da65e3b904ae771cab68f095c41b07a5d72df6dec089c1c1,1,3,0.22270013882530884,0.8670357598021706,0.22270014882087708,0.13296423852443695,-1.25,1.875,0.5448679493137397,0.5774953651858118,-1.5625
fe4607fb22451085da65e3b904ae771cab68f095c41b07a5d72df6dec089c1c1,2,3,0.5467381519846138,0.4225046348141883,0.5467381477355957,0.5774953961372375,0.1875,-0.3125,0.4846213933994011,0.4843800842769844,0.25
2f66f0bffa31e163d031c2131ad6cae18be4a5c6d1e548f976a2bbb9b70a0443,0,1,0.25091278688527247,0.7057850278370112,0.25091278553009033,0.29421496391296387,-1.09375,0.875,0.4783489073611419,0.4726834766204329,-0.984375
2f66f0bffa31e163d031c2131ad6cae18be4a5c6d1e548f976a2bbb9b70a0443,0,2,0.18242552380635635,0.7520125737597972,0.18242551386356354,0.24798743426799774,-1.5,1.109375,0.4672190487830768,0.4513265055870016,-1.3046875
2f66f0bffa31e163d031c2131ad6cae18be4a5c6d1e548f976a2bbb9b70a0443,0,3,0.17781086947804958,0.6859494550081925,0.17781086266040802,0.314050555229187,-1.53125,0.78125,0.43188016224312104,0.40733340004593027,-1.15625
2f66f0bffa31e163d031c2131ad6cae18be4a5c6d1e548f976a2bbb9b70a0443,1,2,0.16885695214168317,0.7956581000631541,0.16885696351528168,0.20434190332889557,-1.59375,1.359375,0.4822575261024186,0.47073660663341144,-1.4765625
2f66f0bffa31e163d031c2131ad6cae18be4a5c6d1e548f976a2bbb9b70a0443,1,3,0.19682620364309852,0.8080672135527632,0.19682620465755463,0.1919327974319458,-1.40625,1.4375,0.5024467085979308,0.5039061705290805,-1.421875
2f66f0bffa31e163d031c2131ad6cae18be4a5c6d1e548f976a2bbb9b70a0443,2,3,0.19930799790404563,0.8596637505099167,0.19930800795555115,0.14033624529838562,-1.390625,1.8125,0.5294858742069812,0.5525397080801923,-1.6015625
db3d93ec00ccfe61ca3e6780d212260a2da4f1e804192217e6f9a28f8dd095bc,0,1,0.3629692055196168,0.5926665999540697,0.36296921968460083,0.4073334336280823,-0.5625,0.375,0.4778179027368432,0.47657965106367606,-0.46875
db3d93ec00ccfe61ca3e6780d212260a2da4f1e804192217e6f9a28f8dd095bc,0,2,0.17781086947804958,0.43782349911420193,0.17781086266040802,0.562176525592804,-1.53125,-0.25,0.30781718429612576,0.29098086621490676,-0.640625
db3d93ec00ccfe61ca3e6780d212260a2da4f1e804192217e6f9a28f8dd095bc,0,3,0.25982563796098374,0.523420348936324,0.2598256468772888,0.4765796661376953,-1.046875,0.09375,0.3916229934486539,0.3830641686805551,-0.5703125
db3d93ec00ccfe61ca3e6780d212260a2da4f1e804192217e6f9a28f8dd095bc,1,2,0.1602660323277607,0.461016779312316,0.16026602685451508,0.5389832258224487,-1.65625,-0.15625,0.31064140582003835,0.2877678157610531,-0.75
db3d93ec00ccfe61ca3e6780d212260a2da4f1e804192217e6f9a28f8dd095bc,1,3,0.28140560742914383,0.5544704649604273,0.28140559792518616,0.4455295503139496,-0.9375,0.21875,0.41793803619478553,0.411110869232168,-0.578125
db3d93ec00ccfe61ca3e6780d212260a2da4f1e804192217e6f9a28f8dd095bc,2,3,0.26284183737131667,0.8558511469672594,0.2628418505191803,0.14414885640144348,-1.03125,1.78125,0.559346492169288,0.5926665999540697,-1.40625
b8056f773d04c06e9e538c520f6b230d3a809d5d700a8f1afab51be791161488,0,1,0.2877678157610531,0.9637799441350253,0.28776782751083374,0.03622005879878998,-0.90625,3.28125,0.6257738799480392,0.7662936430859597,-2.09375
b8056f773d04c06e9e538c520f6b230d3a809d5d700a8f1afab51be791161488,0,2,0.01322282175230515,0.9511422213778251,0.013222822919487953,0.04885777831077576,-4.3125,2.96875,0.48218252156506514,0.3380771241500058,-3.640625
b8056f773d04c06e9e538c520f6b230d3a809d5d700a8f1afab51be791161488,0,3,0.14414885303274058,0.9840936082881853,0.14414885640144348,0.01590639166533947,-1.78125,4.125,0.5641212306604629,0.7634837635542924,-2.953125
b8056f773d04c06e9e538c520f6b230d3a809d5d700a8f1afab51be791161488,1,2,0.009859855303538787,0.8558511469672594,0.00985985528677702,0.14414885640144348,-4.609375,1.78125,0.4328555011353991,0.19559408410649906,-3.1953125
b8056f773d04c06e9e538c520f6b230d3a809d5d700a8f1afab51be791161488,1,3,0.02843603304485266,0.9740426428022031,0.02843603491783142,0.02595735713839531,-3.53125,3.625,0.5012393379235279,0.5117166047041654,-3.578125
b8056f773d04c06e9e538c520f6b230d3a809d5d700a8f1afab51be791161488,2,3,0.16885695214168317,0.9783846672373524,0.16885696351528168,0.02161533385515213,-1.59375,3.8125,0.5736208096895178,0.7520125737597972,-2.703125
4b042f6fe3090d7bef5698a7bf32674cfef9f8b1f4a0286fd9ea46f426bbb645,0,1,0.26588047309981694,0.7025300573952054,0.2658804953098297,0.29746994376182556,-1.015625,0.859375,0.4842052652475112,0.48047867804790706,-0.9375
4b042f6fe3090d7bef5698a7bf32674cfef9f8b1f4a0286fd9ea46f426bbb645,0,2,0.712232184238947,0.7090191337850932,0.7122321724891663,0.29098084568977356,0.90625,0.890625,0.7106256590120201,0.7106283025898368,0.0078125
4b042f6fe3090d7bef5698a7bf32674cfef9f8b1f4a0286fd9ea46f426bbb645,0,3,0.4186969093556867,0.679178699175393,0.41869691014289856,0.3208213150501251,-0.328125,0.75,0.5489378042655398,0.5525397080801923,-0.5390625
4b042f6fe3090d7bef5698a7bf32674cfef9f8b1f4a0286fd9ea46f426bbb645,1,2,0.3007455789412415,0.8333245953120233,0.30074557662010193,0.16667540371418,-0.84375,1.609375,0.5670350871266324,0.5945512642417856,-1.2265625
4b042f6fe3090d7bef5698a7bf32674cfef9f8b1f4a0286fd9ea46f426bbb645,1,3,0.18242552380635635,0.8688267762381844,0.18242551386356354,0.13117322325706482,-1.5,1.890625,0.5256261500222703,0.5486734944129984,-1.6953125
4b042f6fe3090d7bef5698a7bf32674cfef9f8b1f4a0286fd9ea46f426bbb645,2,3,0.31742626558767584,0.6187804337438501,0.31742629408836365,0.3812195658683777,-0.765625,0.484375,0.46810334966576295,0.4649015713733885,-0.625
a1e0ef35592a9bd76ecb8c9ab5faabaf82b0b18669e4c3192746c4e0d3d3adee,0,1,0.39606816627404173,0.9005297861178929,0.39606815576553345,0.09947021305561066,-0.421875,2.203125,0.6482989761959673,0.7090191337850932,-1.3125
a1e0ef35592a9bd76ecb8c9ab5faabaf82b0b18669e4c3192746c4e0d3d3adee,0,2,0.048857778622174906,0.7431680086124811,0.04885777831077576,0.2568320035934448,-2.96875,1.0625,0.396012893617328,0.2782567937024021,-2.015625
a1e0ef35592a9bd76ecb8c9ab5faabaf82b0b18669e4c3192746c4e0d3d3adee,0,3,0.10669059394565118,0.8080672135527632,0.10669060051441193,0.1919327974319458,-2.125,1.4375,0.4573789037492072,0.4148988457967688,-1.78125
a1e0ef35592a9bd76ecb8c9ab5faabaf82b0b18669e4c3192746c4e0d3d3adee,1,2,0.21469141911224196,0.461016779312316,0.2146914154291153,0.5389832258224487,-1.296875,-0.15625,0.337854099212279,0.3259495159352553,-0.5703125
a1e0ef35592a9bd76ecb8c9ab5faabaf82b0b18669e4c3192746c4e0d3d3adee,1,3,0.19682620364309852,0.689305616785446,0.19682620465755463,0.3106943964958191,-1.40625,0.796875,0.4430659102142723,0.42441198666996216,-1.1015625
a1e0ef35592a9bd76ecb8c9ab5faabaf82b0b18669e4c3192746c4e0d3d3adee,2,3,0.3276683008207139,0.8633916099737806,0.32766830921173096,0.13660839200019836,-0.71875,1.84375,0.5955299553972473,0.6370307944803831,-1.28125
1c4221e3484fececf951c42c25cddc302f3abaa013999dee1eb6fa7d1ff638aa,0,1,0.013636835281429878,0.6442251064863697,0.013636834919452667,0.3557748794555664,-4.28125,0.59375,0.3289309708838998,0.13660839002621936,-2.4375
1c4221e3484fececf951c42c25cddc302f3abaa013999dee1eb6fa7d1ff638aa,0,2,0.01495708659314999,0.6370307944803831,0.014957087114453316,0.36296921968460083,-4.1875,0.5625,0.32599394053676656,0.1403362494900832,-2.375
1c4221e3484fececf951c42c25cddc302f3abaa013999dee1eb6fa7d1ff638aa,0,3,0.01798620996209156,0.46879062662624377,0.01798621006309986,0.531209409236908,-4.0,-0.125,0.24338841829416766,0.11279540628289322,-1.9375
1c4221e3484fececf951c42c25cddc302f3abaa013999dee1eb6fa7d1ff638aa,1,2,0.13660839002621936,0.3276683008207139,0.13660839200019836,0.672331690788269,-1.84375,-0.71875,0.23213834542346662,0.2173375210470625,-0.5625
1c4221e3484fececf951c42c25cddc302f3abaa013999dee1eb6fa7d1ff638aa,1,3,0.3775406687981454,0.870597268408361,0.3775406777858734,0.12940272688865662,-0.5,1.90625,0.6240689686032532,0.6688802603710086,-1.203125
1c4221e3484fececf951c42c25cddc302f3abaa013999dee1eb6fa7d1ff638aa,2,3,0.5467381519846138,0.9196425311777929,0.5467381477355957,0.08035746961832047,0.1875,2.4375,0.7331903415812033,0.7879311956428947,-1.125
0dead15778d83133aee30120ec68b75f0bd2793358f79165e9fbc440ba60cce0,0,1,0.03514484640079327,0.870597268408361,0.03514484688639641,0.12940272688865662,-3.3125,1.90625,0.45287105740457717,0.3311197396289915,-2.609375
0dead15778d83133aee30120ec68b75f0bd2793358f79165e9fbc440ba60cce0,0,2,0.07807816514495095,0.8633916099737806,0.07807815819978714,0.13660839200019836,-2.46875,1.84375,0.47073488755936577,0.4225046348141883,-2.15625
0dead15778d83133aee30120ec68b75f0bd2793358f79165e9fbc440ba60cce0,0,3,0.3775406687981454,0.6992544210587585,0.3775406777858734,0.30074557662010193,-0.5,0.84375,0.5383975449284519,0.5428632831725052,-0.671875
0dead15778d83133aee30120ec68b75f0bd2793358f79165e9fbc440ba60cce0,1,2,0.16885695214168317,0.8740772351648677,0.16885696351528168,0.1259227693080902,-1.59375,1.9375,0.5214670936532755,0.5428632831725052,-1.765625
0dead15778d83133aee30120ec68b75f0bd2793358f79165e9fbc440ba60cce0,1,3,0.2254166158350767,0.7577943712746406,0.2254166156053543,0.2422056347131729,-1.234375,1.140625,0.4916054935548586,0.48828339529583464,-1.1875
0dead15778d83133aee30120ec68b75f0bd2793358f79165e9fbc440ba60cce0,2,3,0.22815650216092537,0.6513548646660542,0.22815649211406708,0.3486451506614685,-1.21875,0.625,0.4397556834134898,0.42632159254749036,-0.921875
53fe1745802ad65011adfaff35c89d756148842e9960513e175ea2f2cafa7854,0,1,0.31742626558767584,0.7520125737597972,0.31742629408836365,0.24798743426799774,-0.765625,1.109375,0.5347194196737366,0.5428632831725052,-0.9375
53fe1745802ad65011adfaff35c89d756148842e9960513e175ea2f2cafa7854,0,2,0.3775406687981454,0.7690802370707283,0.3775406777858734,0.230919748544693,-0.5,1.203125,0.5733104529344368,0.5869964297463166,-0.8515625
53fe1745802ad65011adfaff35c89d756148842e9960513e175ea2f2cafa7854,0,3,0.31405054499180746,0.7662936430859597,0.314050555229187,0.23370634019374847,-0.78125,1.1875,0.5401720940388836,0.5506073655352404,-0.984375
53fe1745802ad65011adfaff35c89d756148842e9960513e175ea2f2cafa7854,1,2,0.3276683008207139,0.7905303186696747,0.32766830921173096,0.20946969091892242,-0.71875,1.328125,0.5590993097451943,0.575588013330038,-1.0234375
53fe1745802ad65011adfaff35c89d756148842e9960513e175ea2f2cafa7854,1,3,0.3007455789412415,0.7401743620390163,0.30074557662010193,0.2598256468772888,-0.84375,1.046875,0.5204599704901289,0.5253688222550323,-0.9453125
53fe1745802ad65011adfaff35c89d756148842e9960513e175ea2f2cafa7854,2,3,0.22000709974589316,0.7057850278370112,0.22000709176063538,0.29421496391296387,-1.265625,0.875,0.4628960637914522,0.4513265055870016,-1.0703125
b7743268c175e7d3777f98449861f692dc92acfeb34c50746a68c0a1e6c37ec5,0,1,0.24508501313237172,0.90192067652954,0.24508501589298248,0.09807932376861572,-1.125,2.21875,0.5735028448309558,0.6334102636778401,-1.671875
b7743268c175e7d3777f98449861f692dc92acfeb34c50746a68c0a1e6c37ec5,0,2,0.22270013882530884,0.9591542840900507,0.22270014882087708,0.04084571823477745,-1.25,3.15625,0.5909272114576798,0.7217432062975979,-2.203125
b7743268c175e7d3777f98449861f692dc92acfeb34c50746a68c0a1e6c37ec5,0,3,0.4921881357207956,0.9648551535992067,0.49218812584877014,0.03514484688639641,-0.03125,3.3125,0.7285216446600011,0.8376199633332891,-1.671875
b7743268c175e7d3777f98449861f692dc92acfeb34c50746a68c0a1e6c37ec5,1,2,0.11279540628289322,0.9814534354878828,0.1127953976392746,0.018546564504504204,-2.0625,3.96875,0.547124420885388,0.7217432062975979,-3.015625
b7743268c175e7d3777f98449861f692dc92acfeb34c50746a68c0a1e6c37ec5,1,3,0.43014734858584286,0.9715639669551474,0.43014732003211975,0.02843603491783142,-0.28125,3.53125,0.7008556577704951,0.8354835371034369,-1.90625
b7743268c175e7d3777f98449861f692dc92acfeb34c50746a68c0a1e6c37ec5,2,3,0.20181322226037884,0.9241418199787566,0.2018132209777832,0.07585817575454712,-1.375,2.5,0.5629775211195677,0.6370307944803831,-1.9375
6fe68e4ae7f3f4606a322605e0be63720d7de50d9df26eefb43f855e134f8566,0,1,0.5544704649604273,0.5,0.5544704794883728,0.5,0.21875,0.0,0.5272352324802136,0.5273165233795671,0.109375
6fe68e4ae7f3f4606a322605e0be63720d7de50d9df26eefb43f855e134f8566,0,2,0.4148988457967688,0.35577489351363034,0.4148988127708435,0.6442251205444336,-0.34375,-0.59375,0.38533686965519953,0.3849121444839335,0.125
6fe68e4ae7f3f4606a322605e0be63720d7de50d9df26eefb43f855e134f8566,0,3,0.39233683016710835,0.39606816627404173,0.3923368453979492,0.6039317846298218,-0.4375,-0.421875,0.39420249822057507,0.3942009561511044,-0.0078125
6fe68e4ae7f3f4606a322605e0be63720d7de50d9df26eefb43f855e134f8566,1,2,0.6477982179521103,0.23091976292927177,0.6477982401847839,0.7690802216529846,0.609375,-1.203125,0.43935899044069104,0.42632159254749036,0.90625
6fe68e4ae7f3f4606a322605e0be63720d7de50d9df26eefb43f855e134f8566,1,3,0.6076631698328917,0.3775406687981454,0.6076632142066956,0.622459352016449,0.4375,-0.5,0.49260191931551855,0.4921881357207956,0.46875
6fe68e4ae7f3f4606a322605e0be63720d7de50d9df26eefb43f855e134f8566,2,3,0.6859494550081925,0.5195213219520929,0.685949444770813,0.4804786741733551,0.78125,0.078125,0.6027353884801427,0.6057990438488957,0.3515625
91404fc47e1d6039c2ba5b95fa0a0b14c2ccaba6b71a77b81d12bc23221b0d2e,0,1,0.07055959618729296,0.9073122213606241,0.07055959850549698,0.09268777817487717,-2.578125,2.28125,0.48893590877395854,0.46295861324381593,-2.4296875
91404fc47e1d6039c2ba5b95fa0a0b14c2ccaba6b71a77b81d12bc23221b0d2e,0,2,0.005301894869402149,0.46879062662624377,0.005301894620060921,0.531209409236908,-5.234375,-0.125,0.23704626074782295,0.06418264360901972,-2.5546875
91404fc47e1d6039c2ba5b95fa0a0b14c2ccaba6b71a77b81d12bc23221b0d2e,0,3,0.08389038641057993,0.9343951625409306,0.0838903859257698,0.06560482829809189,-2.390625,2.65625,0.5091427744757553,0.5331544046668082,-2.5234375
91404fc47e1d6039c2ba5b95fa0a0b14c2ccaba6b71a77b81d12bc23221b0d2e,1,2,0.1500288243424251,0.40733340004593027,0.15002882480621338,0.5926666259765625,-1.734375,-0.375,0.2786811121941777,0.2583259885691872,-0.6796875
91404fc47e1d6039c2ba5b95fa0a0b14c2ccaba6b71a77b81d12bc23221b0d2e,1,3,0.26588047309981694,0.6076631698328917,0.2658804953098297,0.3923368453979492,-1.015625,0.4375,0.4367718214663543,0.42823339806622046,-0.7265625
91404fc47e1d6039c2ba5b95fa0a0b14c2ccaba6b71a77b81d12bc23221b0d2e,2,3,0.600188359260205,0.8652240825770433,0.6001883149147034,0.13477592170238495,0.40625,1.859375,0.7327062209186241,0.7563575624625937,-0.7265625
9ee757f257505031e9f030201ee1a1152e8a59a47434dbbf29c4e04d459e0440,0,1,0.06954174450582809,0.8558511469672594,0.06954174488782883,0.14414885640144348,-2.59375,1.78125,0.4626964457365437,0.399811640739795,-2.1875
9ee757f257505031e9f030201ee1a1152e8a59a47434dbbf29c4e04d459e0440,0,2,0.2337063569140403,0.9648551535992067,0.23370634019374847,0.03514484688639641,-1.1875,3.3125,0.5992807552566235,0.7431680086124811,-2.25
9ee757f257505031e9f030201ee1a1152e8a59a47434dbbf29c4e04d459e0440,0,3,0.07055959618729296,0.8267117940706734,0.07055959850549698,0.17328819632530212,-2.578125,1.5625,0.44863569512898316,0.37570646643200795,-2.0703125
9ee757f257505031e9f030201ee1a1152e8a59a47434dbbf29c4e04d459e0440,1,2,0.31405054499180746,0.9059898203834277,0.314050555229187,0.09401018917560577,-0.78125,2.265625,0.6100201826876176,0.6774740169356273,-1.5234375
9ee757f257505031e9f030201ee1a1152e8a59a47434dbbf29c4e04d459e0440,1,3,0.19193278644723683,0.6224593312018546,0.1919327974319458,0.3775406777858734,-1.4375,0.5,0.4071960588245457,0.3849121444839335,-0.96875
9ee757f257505031e9f030201ee1a1152e8a59a47434dbbf29c4e04d459e0440,2,3,0.09534946489910949,0.8128673178375735,0.09534946084022522,0.18713268637657166,-2.25,1.46875,0.45410839136834147,0.40356685373537454,-1.859375
c23a5f2b7a5c31f8320d210a8f3a03a54ead1777fe9c0b9370917ee204efacf0,0,1,0.35936414516010196,0.6224593312018546,0.3593641519546509,0.3775406777858734,-0.578125,0.5,0.4909117381809783,0.49023561657398396,-0.5390625
c23a5f2b7a5c31f8320d210a8f3a03a54ead1777fe9c0b9370917ee204efacf0,0,2,0.29421497216298875,0.8128673178375735,0.29421496391296387,0.18713268637657166,-0.875,1.46875,0.5535411450002812,0.5736784074525096,-1.171875
c23a5f2b7a5c31f8320d210a8f3a03a54ead1777fe9c0b9370917ee204efacf0,0,3,0.320821300824607,0.6926419831347361,0.3208213150501251,0.3073580265045166,-0.75,0.8125,0.5067316419796716,0.5078118642792044,-0.78125
c23a5f2b7a5c31f8320d210a8f3a03a54ead1777fe9c0b9370917ee204efacf0,1,2,0.34864513533394575,0.7401743620390163,0.3486451506614685,0.2598256468772888,-0.625,1.046875,0.5444097486864811,0.5525397080801923,-0.8359375
c23a5f2b7a5c31f8320d210a8f3a03a54ead1777fe9c0b9370917ee204efacf0,1,3,0.30735801686526387,0.665410558746814,0.3073580265045166,0.3345894515514374,-0.8125,0.6875,0.48638428780603893,0.4843800842769844,-0.75
c23a5f2b7a5c31f8320d210a8f3a03a54ead1777fe9c0b9370917ee204efacf0,2,3,0.18242552380635635,0.665410558746814,0.18242551386356354,0.3345894515514374,-1.5,0.6875,0.42391804127658517,0.399811640739795,-1.09375
48b63c9528bc6112ee22b24a5a4e3e5a962e92e40c0aef3f29229c7fa1a2fc74,0,1,0.10087862273005652,0.672331699179286,0.10087861120700836,0.32766830921173096,-2.1875,0.71875,0.3866051609546713,0.32423539898095244,-1.453125
48b63c9528bc6112ee22b24a5a4e3e5a962e92e40c0aef3f29229c7fa1a2fc74,0,2,0.09009299396195182,0.7490872131147275,0.09009299427270889,0.25091278553009033,-2.3125,1.09375,0.41959010353833964,0.35220178204788966,-1.703125
48b63c9528bc6112ee22b24a5a4e3e5a962e92e40c0aef3f29229c7fa1a2fc74,0,3,0.2337063569140403,0.6076631698328917,0.23370634019374847,0.3923368453979492,-1.1875,0.4375,0.420684763373466,0.40733340004593027,-0.8125
48b63c9528bc6112ee22b24a5a4e3e5a962e92e40c0aef3f29229c7fa1a2fc74,1,2,0.1403362494900832,0.8479677583778257,0.14033624529838562,0.15203224122524261,-1.8125,1.71875,0.4941520039339544,0.48828339529583464,-1.765625
48b63c9528bc6112ee22b24a5a4e3e5a962e92e40c0aef3f29229c7fa1a2fc74,1,3,0.29421497216298875,0.7057850278370112,0.29421496391296387,0.29421496391296387,-0.875,0.875,0.5,0.5,-0.875
48b63c9528bc6112ee22b24a5a4e3e5a962e92e40c0aef3f29229c7fa1a2fc74,2,3,0.25683199138751883,0.8080672135527632,0.2568320035934448,0.1919327974319458,-1.0625,1.4375,0.5324496024701411,0.5467381519846138,-1.25
4b55c5dd6a900eac9c70b355c80a9eb10c7f30e39be3e8471705bc768394169a,0,1,0.060086650174007626,0.712232184238947,0.06008664518594742,0.28776782751083374,-2.75,0.90625,0.3861594172064773,0.28457600421652673,-1.828125
4b55c5dd6a900eac9c70b355c80a9eb10c7f30e39be3e8471705bc768394169a,0,2,0.06954174450582809,0.6926419831347361,0.06954174488782883,0.3073580265045166,-2.59375,0.8125,0.3810918638202821,0.29098086621490676,-1.703125
4b55c5dd6a900eac9c70b355c80a9eb10c7f30e39be3e8471705bc768394169a,0,3,0.06954174450582809,0.712232184238947,0.06954174488782883,0.28776782751083374,-2.59375,0.90625,0.3908869643723875,0.3007455789412415,-1.75
4b55c5dd6a900eac9c70b355c80a9eb10c7f30e39be3e8471705bc768394169a,1,2,0.22270013882530884,0.8031737963569016,0.22270014882087708,0.19682620465755463,-1.25,1.40625,0.5129369675911052,0.5195213219520929,-1.328125
4b55c5dd6a900eac9c70b355c80a9eb10c7f30e39be3e8471705bc768394169a,1,3,0.13296424019782926,0.712232184238947,0.13296423852443695,0.28776782751083374,-1.875,0.90625,0.4225982122183881,0.38121956625614994,-1.390625
4b55c5dd6a900eac9c70b355c80a9eb10c7f30e39be3e8471705bc768394169a,2,3,0.12592276483513232,0.7310585786300049,0.1259227693080902,0.2689414322376251,-1.9375,1.0,0.4284906717325686,0.3849121444839335,-1.46875
103e33f59467b0cdac6dcb7ac0fa4192ce0333ef16050223b767073c8d485e31,0,1,0.19193278644723683,0.8519528019683106,0.1919327974319458,0.14804719388484955,-1.4375,1.75,0.5219427942077737,0.5389832206876841,-1.59375
103e33f59467b0cdac6dcb7ac0fa4192ce0333ef16050223b767073c8d485e31,0,2,0.14223189500989633,0.7520125737597972,0.14223188161849976,0.24798743426799774,-1.796875,1.109375,0.4471222343848468,0.4148988457967688,-1.453125
103e33f59467b0cdac6dcb7ac0fa4192ce0333ef16050223b767073c8d485e31,0,3,0.17553807362342935,0.8198933359135361,0.1755380630493164,0.18010665476322174,-1.546875,1.515625,0.4977157047684827,0.49609382947091957,-1.53125
103e33f59467b0cdac6dcb7ac0fa4192ce0333ef16050223b767073c8d485e31,1,2,0.19930799790404563,0.7718434978390747,0.19930800795555115,0.22815649211406708,-1.390625,1.21875,0.48557574787156016,0.47852883753932274,-1.3046875
103e33f59467b0cdac6dcb7ac0fa4192ce0333ef16050223b767073c8d485e31,1,3,0.1347759174229568,0.8354835371034369,0.13477592170238495,0.16451644897460938,-1.859375,1.625,0.48512972726319686,0.47073660663341144,-1.7421875
103e33f59467b0cdac6dcb7ac0fa4192ce0333ef16050223b767073c8d485e31,2,3,0.19930799790404563,0.8080672135527632,0.19930800795555115,0.1919327974319458,-1.390625,1.4375,0.5036876057284044,0.5058591067938315,-1.4140625
d1ce09e5ffc240ce741dc6eaffe36d317ca3f56a3228c38dad03de65e2b33d00,0,1,0.20434189993684584,0.6513548646660542,0.20434190332889557,0.3486451506614685,-1.359375,0.625,0.42784838230145,0.4092207951316078,-0.9921875
d1ce09e5ffc240ce741dc6eaffe36d317ca3f56a3228c38dad03de65e2b33d00,0,2,0.03904829272622639,0.9433475746920261,0.039048291742801666,0.05665242671966553,-3.203125,2.8125,0.49119793370912623,0.4513265055870016,-3.0078125
d1ce09e5ffc240ce741dc6eaffe36d317ca3f56a3228c38dad03de65e2b33d00,0,3,0.11920292202211755,0.8244619263765707,0.11920291930437088,0.1755380630493164,-2.0,1.546875,0.4718324241993441,0.44360042072113065,-1.7734375
d1ce09e5ffc240ce741dc6eaffe36d317ca3f56a3228c38dad03de65e2b33d00,1,2,0.14223189500989633,0.8652240825770433,0.14223188161849976,0.13477592170238495,-1.796875,1.859375,0.5037279887934698,0.5078118642792044,-1.828125
d1ce09e5ffc240ce741dc6eaffe36d317ca3f56a3228c38dad03de65e2b33d00,1,3,0.24798742624020273,0.7279754489059775,0.24798743426799774,0.27202457189559937,-1.109375,0.984375,0.48798143757309015,0.4843800842769844,-1.046875
d1ce09e5ffc240ce741dc6eaffe36d317ca3f56a3228c38dad03de65e2b33d00,2,3,0.1581743527484317,0.9294404038127071,0.15817435085773468,0.07055959850549698,-1.671875,2.578125,0.5438073782805694,0.6113819732941511,-2.125
e920e4219b5803a5e3c43727cf9b83d92464095306c8fe34d25a0dc877d0a59f,0,1,0.4148988457967688,0.7606506526772884,0.4148988127708435,0.2393493503332138,-0.34375,1.15625,0.5877747492370285,0.600188359260205,-0.75
e920e4219b5803a5e3c43727cf9b83d92464095306c8fe34d25a0dc877d0a59f,0,2,0.4148988457967688,0.7826624789529376,0.4148988127708435,0.21733751893043518,-0.34375,1.28125,0.5987806623748532,0.6150878555160665,-0.8125
e920e4219b5803a5e3c43727cf9b83d92464095306c8fe34d25a0dc877d0a59f,0,3,0.3775406687981454,0.8652240825770433,0.3775406777858734,0.13477592170238495,-0.5,1.859375,0.6213823756875944,0.6636689470737326,-1.1796875
e920e4219b5803a5e3c43727cf9b83d92464095306c8fe34d25a0dc877d0a59f,1,2,0.19193278644723683,0.8354835371034369,0.1919327974319458,0.16451644897460938,-1.4375,1.625,0.5137081617753368,0.523420348936324,-1.53125
e920e4219b5803a5e3c43727cf9b83d92464095306c8fe34d25a0dc877d0a59f,1,3,0.22270013882530884,0.7981867777396212,0.22270014882087708,0.2018132209777832,-1.25,1.375,0.5104434582824651,0.5156199157230156,-1.3125
e920e4219b5803a5e3c43727cf9b83d92464095306c8fe34d25a0dc877d0a59f,2,3,0.20181322226037884,0.8080672135527632,0.2018132209777832,0.1919327974319458,-1.375,1.4375,0.5049402179065711,0.5078118642792044,-1.40625
4fba16e45e8849b9c5502037c6fced29435b168274a540766a7e763a04395a74,0,1,0.10087862273005652,0.8577681049901036,0.10087861120700836,0.14223188161849976,-2.1875,1.796875,0.47932336386008007,0.4513265055870016,-1.9921875
4fba16e45e8849b9c5502037c6fced29435b168274a540766a7e763a04395a74,0,2,0.19930799790404563,0.8539127529517043,0.19930800795555115,0.14608724415302277,-1.390625,1.765625,0.526610375427875,0.5467381519846138,-1.578125
4fba16e45e8849b9c5502037c6fced29435b168274a540766a7e763a04395a74,0,3,0.10818895456207037,0.8615382094310357,0.10818894952535629,0.13846179842948914,-2.109375,1.828125,0.484863581996553,0.4649015713733885,-1.96875
4fba16e45e8849b9c5502037c6fced29435b168274a540766a7e763a04395a74,1,2,0.1732882059293266,0.8774767874818407,0.17328819632530212,0.12252321094274521,-1.5625,1.96875,0.5253824967055836,0.5506073655352404,-1.765625
4fba16e45e8849b9c5502037c6fced29435b168274a540766a7e763a04395a74,1,3,0.13846179056896438,0.8840392817460332,0.13846179842948914,0.11596070975065231,-1.828125,2.03125,0.5112505361574988,0.5253688222550323,-1.9296875
4fba16e45e8849b9c5502037c6fced29435b168274a540766a7e763a04395a74,2,3,0.12085323249047067,0.7956581000631541,0.1208532303571701,0.20434190332889557,-1.984375,1.359375,0.45825566627681236,0.4225046348141883,-1.671875
69a0d54a1406129e4b95ef8559b103298d09491b284ab2cdd18f4f0663347e92,0,1,0.2877678157610531,0.5774953651858118,0.28776782751083374,0.42250463366508484,-0.90625,0.3125,0.43263159047343247,0.42632159254749036,-0.609375
69a0d54a1406129e4b95ef8559b103298d09491b284ab2cdd18f4f0663347e92,0,2,0.32423539898095244,0.588889130767832,0.32423537969589233,0.41111084818840027,-0.734375,0.359375,0.4565622648743922,0.45326184801538616,-0.546875
69a0d54a1406129e4b95ef8559b103298d09491b284ab2cdd18f4f0663347e92,0,3,0.4225046348141883,0.6224593312018546,0.42250463366508484,0.3775406777858734,-0.3125,0.5,0.5224819830080214,0.523420348936324,-0.40625
69a0d54a1406129e4b95ef8559b103298d09491b284ab2cdd18f4f0663347e92,1,2,0.2254166158350767,0.7879311956428947,0.2254166156053543,0.2120688110589981,-1.234375,1.3125,0.5066739057389857,0.5097643834260159,-1.2734375
69a0d54a1406129e4b95ef8559b103298d09491b284ab2cdd18f4f0663347e92,1,3,0.28140560742914383,0.8031737963569016,0.28140559792518616,0.19682620465755463,-0.9375,1.40625,0.5422897018930227,0.5583269943353745,-1.171875
69a0d54a1406129e4b95ef8559b103298d09491b284ab2cdd18f4f0663347e92,2,3,0.34864513533394575,0.665410558746814,0.3486451506614685,0.3345894515514374,-0.625,0.6875,0.5070278470403798,0.5078118642792044,-0.65625
751964edf13172296e88a554fc17ffdecbb884f886533db50b0c68a6dd68b553,0,1,0.08035746882220708,0.6150878555160665,0.08035746961832047,0.3849121630191803,-2.4375,0.46875,0.3477226621691368,0.2720245510940225,-1.453125
751964edf13172296e88a554fc17ffdecbb884f886533db50b0c68a6dd68b553,0,2,0.08389038641057993,0.461016779312316,0.0838903859257698,0.5389832258224487,-2.390625,-0.15625,0.27245358286144794,0.21866937668390204,-1.1171875
751964edf13172296e88a554fc17ffdecbb884f886533db50b0c68a6dd68b553,0,3,0.1732882059293266,0.679178699175393,0.17328819632530212,0.3208213150501251,-1.5625,0.75,0.4262334525523598,0.399811640739795,-1.15625
751964edf13172296e88a554fc17ffdecbb884f886533db50b0c68a6dd68b553,1,2,0.15203224162217424,0.523420348936324,0.15203224122524261,0.4765796661376953,-1.71875,0.09375,0.33772629527924913,0.30735801686526387,-0.90625
751964edf13172296e88a554fc17ffdecbb884f886533db50b0c68a6dd68b553,1,3,0.2173375210470625,0.7931059511841119,0.21733751893043518,0.20689405500888824,-1.28125,1.34375,0.5052217361155872,0.5078118642792044,-1.3125
751964edf13172296e88a554fc17ffdecbb884f886533db50b0c68a6dd68b553,2,3,0.341582499438317,0.8633916099737806,0.3415825068950653,0.13660839200019836,-0.65625,1.84375,0.6024870547060488,0.6442251064863697,-1.25
7f22d3b8201c6664858cecad17eba12605cd9558a3486e1e7325862fd61214e7,0,1,0.3311197396289915,0.7931059511841119,0.33111974596977234,0.20689405500888824,-0.703125,1.34375,0.5621128454065517,0.579400408904987,-1.0234375
7f22d3b8201c6664858cecad17eba12605cd9558a3486e1e7325862fd61214e7,0,2,0.15203224162217424,0.8006920020959544,0.15203224122524261,0.19930800795555115,-1.71875,1.390625,0.4763621218590643,0.4590761278106335,-1.5546875
7f22d3b8201c6664858cecad17eba12605cd9558a3486e1e7325862fd61214e7,0,3,0.36658973632215985,0.7490872131147275,0.36658975481987,0.25091278553009033,-0.546875,1.09375,0.5578384747184437,0.5679366107876933,-0.8203125
7f22d3b8201c6664858cecad17eba12605cd9558a3486e1e7325862fd61214e7,1,2,0.14608724704829568,0.8267117940706734,0.14608724415302277,0.17328819632530212,-1.765625,1.5625,0.48639952055948454,0.4746311777449677,-1.6640625
7f22d3b8201c6664858cecad17eba12605cd9558a3486e1e7325862fd61214e7,1,3,0.24798742624020273,0.7956581000631541,0.24798743426799774,0.20434190332889557,-1.109375,1.359375,0.5218227631516784,0.5312093733737563,-1.234375
7f22d3b8201c6664858cecad17eba12605cd9558a3486e1e7325862fd61214e7,2,3,0.16885695214168317,0.870597268408361,0.16885696351528168,0.12940272688865662,-1.59375,1.90625,0.519727110275022,0.5389832206876841,-1.75
23eb39e24beb07569497c22105e47f9b386a02c0fd8109fbb7daff1aa5032fde,0,1,0.1602660323277607,0.7279754489059775,0.16026602685451508,0.27202457189559937,-1.65625,0.984375,0.4441207406168691,0.416796643162047,-1.3203125
23eb39e24beb07569497c22105e47f9b386a02c0fd8109fbb7daff1aa5032fde,0,2,0.11920292202211755,0.8596637505099167,0.11920291930437088,0.14033624529838562,-2.0,1.8125,0.48943333626601715,0.47657965106367606,-1.90625
23eb39e24beb07569497c22105e47f9b386a02c0fd8109fbb7daff1aa5032fde,0,3,0.14223189500989633,0.870597268408361,0.14223188161849976,0.12940272688865662,-1.796875,1.90625,0.5064145817091287,0.5136684686198906,-1.8515625
23eb39e24beb07569497c22105e47f9b386a02c0fd8109fbb7daff1aa5032fde,1,2,0.30404167496654744,0.8221891305219503,0.30404165387153625,0.17781086266040802,-0.828125,1.53125,0.5631154027442489,0.5869964297463166,-1.1796875
23eb39e24beb07569497c22105e47f9b386a02c0fd8109fbb7daff1aa5032fde,1,3,0.40733340004593027,0.7549149868676283,0.4073334336280823,0.24508501589298248,-0.375,1.125,0.5811241934567792,0.5926665999540697,-0.75
23eb39e24beb07569497c22105e47f9b386a02c0fd8109fbb7daff1aa5032fde,2,3,0.11596071825396675,0.870597268408361,0.11596070975065231,0.12940272688865662,-2.03125,1.90625,0.4932789933311639,0.4843800842769844,-1.96875
fcc0f9b0e438bcedacb490bd82cc833b37c9777edbeafbe3992ba0a0aa90bc6e,0,1,0.10087862273005652,0.6150878555160665,0.10087861120700836,0.3849121630191803,-2.1875,0.46875,0.3579832391230615,0.2974699426047947,-1.328125
fcc0f9b0e438bcedacb490bd82cc833b37c9777edbeafbe3992ba0a0aa90bc6e,0,2,0.28140560742914383,0.7718434978390747,0.28140559792518616,0.22815649211406708,-0.9375,1.21875,0.5266245526341092,0.5350984286266115,-1.078125
fcc0f9b0e438bcedacb490bd82cc833b37c9777edbeafbe3992ba0a0aa90bc6e,0,3,0.29421497216298875,0.8175744761936437,0.29421496391296387,0.18242551386356354,-0.875,1.5,0.5558947241783162,0.5774953651858118,-1.1875
fcc0f9b0e438bcedacb490bd82cc833b37c9777edbeafbe3992ba0a0aa90bc6e,1,2,0.29421497216298875,0.7431680086124811,0.29421496391296387,0.2568320035934448,-0.875,1.0625,0.5186914903877349,0.523420348936324,-0.96875
fcc0f9b0e438bcedacb490bd82cc833b37c9777edbeafbe3992ba0a0aa90bc6e,1,3,0.3775406687981454,0.8333245953120233,0.3775406777858734,0.16667540371418,-0.5,1.609375,0.6054326320550844,0.6352224414795979,-1.0546875
fcc0f9b0e438bcedacb490bd82cc833b37c9777edbeafbe3992ba0a0aa90bc6e,2,3,0.25683199138751883,0.8006920020959544,0.2568320035934448,0.19930800795555115,-1.0625,1.390625,0.5287619967417366,0.5409238721893666,-1.2265625
298ec6c2bc8ff0ee3efd88a60101878fad713a5f1a7d9b0d192981ee6e2cdfd7,0,1,0.29421497216298875,0.8031737963569016,0.29421496391296387,0.19682620465755463,-0.875,1.40625,0.5486943842599452,0.5660185351961015,-1.140625
298ec6c2bc8ff0ee3efd88a60101878fad713a5f1a7d9b0d192981ee6e2cdfd7,0,2,0.3629692055196168,0.7879311956428947,0.36296921968460083,0.2120688110589981,-0.5625,1.3125,0.5754502005812557,0.5926665999540697,-0.9375
298ec6c2bc8ff0ee3efd88a60101878fad713a5f1a7d9b0d192981ee6e2cdfd7,0,3,0.28140560742914383,0.7931059511841119,0.28140559792518616,0.20689405500888824,-0.9375,1.34375,0.5372557793066278,0.5506073655352404,-1.140625
298ec6c2bc8ff0ee3efd88a60101878fad713a5f1a7d9b0d192981ee6e2cdfd7,1,2,0.2689414213699951,0.7772998611746911,0.2689414322376251,0.22270014882087708,-1.0,1.25,0.523120641272343,0.5312093733737563,-1.125
298ec6c2bc8ff0ee3efd88a60101878fad713a5f1a7d9b0d192981ee6e2cdfd7,1,3,0.22270013882530884,0.712232184238947,0.22270014882087708,0.28776782751083374,-1.25,0.90625,0.4674661615321279,0.45713671682749474,-1.078125
298ec6c2bc8ff0ee3efd88a60101878fad713a5f1a7d9b0d192981ee6e2cdfd7,2,3,0.14804719803168948,0.7577943712746406,0.14804719388484955,0.2422056347131729,-1.75,1.140625,0.452920784653165,0.42441198666996216,-1.4453125
57e1c032bc97e802a98403e6bcdc389793f2c2adf10ba31351e379fa4ae8d41d,0,1,0.20181322226037884,0.6926419831347361,0.2018132209777832,0.3073580265045166,-1.375,0.8125,0.44722760269755746,0.43014734858584286,-1.09375
57e1c032bc97e802a98403e6bcdc389793f2c2adf10ba31351e379fa4ae8d41d,0,2,0.3276683008207139,0.7057850278370112,0.32766830921173096,0.29421496391296387,-0.71875,0.875,0.5167266643288626,0.5195213219520929,-0.796875
57e1c032bc97e802a98403e6bcdc389793f2c2adf10ba31351e379fa4ae8d41d,0,3,0.15203224162217424,0.7879311956428947,0.15203224122524261,0.2120688110589981,-1.71875,1.3125,0.46998171863253446,0.44939263446475963,-1.515625
57e1c032bc97e802a98403e6bcdc389793f2c2adf10ba31351e379fa4ae8d41d,1,2,0.28140560742914383,0.7799929002541067,0.28140559792518616,0.22000709176063538,-0.9375,1.265625,0.5306992538416253,0.5409238721893666,-1.1015625
57e1c032bc97e802a98403e6bcdc389793f2c2adf10ba31351e379fa4ae8d41d,1,3,0.14804719803168948,0.7931059511841119,0.14804719388484955,0.20689405500888824,-1.75,1.34375,0.4705765746079007,0.44939263446475963,-1.546875
57e1c032bc97e802a98403e6bcdc389793f2c2adf10ba31351e379fa4ae8d41d,2,3,0.24798742624020273,0.679178699175393,0.24798743426799774,0.3208213150501251,-1.109375,0.75,0.46358306270779787,0.45519860430172193,-0.9296875
430a654dfdd9ec9507f9a8456f0045964b52c272afe0daa8a1f6205beaa8b346,0,1,0.37022539259558657,0.9820137900379085,0.37022536993026733,0.01798621006309986,-0.53125,4.0,0.6761195913167475,0.849971175657575,-2.265625
430a654dfdd9ec9507f9a8456f0045964b52c272afe0daa8a1f6205beaa8b346,0,2,0.07921032410902436,0.6370307944803831,0.0792103260755539,0.36296921968460083,-2.453125,0.5625,0.35812055929470377,0.2798284924581987,-1.5078125
430a654dfdd9ec9507f9a8456f0045964b52c272afe0daa8a1f6205beaa8b346,0,3,0.10970577387797076,0.39233683016710835,0.10970577597618103,0.6076632142066956,-2.09375,-0.4375,0.2510213020225396,0.22000709974589316,-0.828125
430a654dfdd9ec9507f9a8456f0045964b52c272afe0daa8a1f6205beaa8b346,1,2,0.08632347658627028,0.6224593312018546,0.08632348477840424,0.3775406777858734,-2.359375,0.5,0.35439140389406243,0.28298811828270554,-1.4296875
430a654dfdd9ec9507f9a8456f0045964b52c272afe0daa8a1f6205beaa8b346,1,3,0.01744248473620534,0.665410558746814,0.017442483454942703,0.3345894515514374,-4.03125,0.6875,0.34142652174150967,0.1581743527484317,-2.359375
430a654dfdd9ec9507f9a8456f0045964b52c272afe0daa8a1f6205beaa8b346,2,3,0.35577489351363034,0.8962513731336202,0.3557748794555664,0.1037486270070076,-0.59375,2.15625,0.6260131333236253,0.6859494550081925,-1.375
