id,aggregation,link,eta_reference,residual_rmse,cycle_signal,mismatch,success,boundary
57eb460963ff9d29bbf71fa7105db445ddaea18ddcd8f61182a38e6317bc1b7e,forward,L,0.12389767643654842,0.011564074537185075,0.10258632680141867,False,True,False
57eb460963ff9d29bbf71fa7105db445ddaea18ddcd8f61182a38e6317bc1b7e,forward,P,0.1276831077929682,0.012339566453090728,0.10287449496394827,False,True,False
57eb460963ff9d29bbf71fa7105db445ddaea18ddcd8f61182a38e6317bc1b7e,reverse_mapped,L,0.16956300727164444,0.04791729697070061,0.07672450986624607,False,True,False
57eb460963ff9d29bbf71fa7105db445ddaea18ddcd8f61182a38e6317bc1b7e,reverse_mapped,P,0.16886878502731145,0.05006918503120626,0.07532302628205362,False,True,False
57eb460963ff9d29bbf71fa7105db445ddaea18ddcd8f61182a38e6317bc1b7e,probability_mean,L,1.2095865852009657e-27,0.006583509804363484,6.23861207134341e-05,True,True,True
57eb460963ff9d29bbf71fa7105db445ddaea18ddcd8f61182a38e6317bc1b7e,probability_mean,P,1.2386519885554587e-12,0.006571712068135456,4.9071841108847046e-05,True,True,True
57eb460963ff9d29bbf71fa7105db445ddaea18ddcd8f61182a38e6317bc1b7e,logit_mean,L,1.0349535105543486e-14,0.012302550358217947,0.00019703487811018232,True,True,True
57eb460963ff9d29bbf71fa7105db445ddaea18ddcd8f61182a38e6317bc1b7e,logit_mean,P,3.097600037218865e-14,0.012287938797405997,0.0001551334200807242,True,True,True
d14e79b4b05dcb68944976a2d443ef55dd5f24e13565bf1f5f44914f89ea65bc,forward,L,0.09177720989361596,0.041408480155325264,0.05526382054118841,False,True,False
d14e79b4b05dcb68944976a2d443ef55dd5f24e13565bf1f5f44914f89ea65bc,forward,P,0.1010204007224534,0.04303302114906645,0.05331755208343265,False,True,False
d14e79b4b05dcb68944976a2d443ef55dd5f24e13565bf1f5f44914f89ea65bc,reverse_mapped,L,1.2894735823346782e-22,0.0791676273443785,0.011029198370166167,True,True,True
d14e79b4b05dcb68944976a2d443ef55dd5f24e13565bf1f5f44914f89ea65bc,reverse_mapped,P,1.6388522251620168e-18,0.07895665127366637,0.009078277082474754,True,True,True
d14e79b4b05dcb68944976a2d443ef55dd5f24e13565bf1f5f44914f89ea65bc,probability_mean,L,1.058062457882774e-18,0.030596136592070847,0.00027994540800242777,True,True,True
d14e79b4b05dcb68944976a2d443ef55dd5f24e13565bf1f5f44914f89ea65bc,probability_mean,P,2.3902485428196658e-28,0.03054884911429125,0.00022160693340579502,True,True,True
d14e79b4b05dcb68944976a2d443ef55dd5f24e13565bf1f5f44914f89ea65bc,logit_mean,L,5.438217753976402e-25,0.031217992618998512,0.0006141160929085579,True,True,True
d14e79b4b05dcb68944976a2d443ef55dd5f24e13565bf1f5f44914f89ea65bc,logit_mean,P,2.070006158936799e-14,0.031118042863857553,0.0004885124895940355,True,True,True
a0a8112e36351f6183c83efd108321fa269fae739a2927134630895c6b8a249c,forward,L,0.1849638329267613,0.04603848689175965,0.1275247821155704,False,True,False
a0a8112e36351f6183c83efd108321fa269fae739a2927134630895c6b8a249c,forward,P,0.18554913067617432,0.04594532392265129,0.1280485421596562,False,True,False
a0a8112e36351f6183c83efd108321fa269fae739a2927134630895c6b8a249c,reverse_mapped,L,0.17611700699588964,0.01725473411075282,0.09338212827793904,False,True,False
a0a8112e36351f6183c83efd108321fa269fae739a2927134630895c6b8a249c,reverse_mapped,P,0.17553702777602415,0.0169764281587465,0.0928917683256623,False,True,False
a0a8112e36351f6183c83efd108321fa269fae739a2927134630895c6b8a249c,probability_mean,L,0.4591701554289954,0.03323714085831251,0.0055069447586313484,True,True,False
a0a8112e36351f6183c83efd108321fa269fae739a2927134630895c6b8a249c,probability_mean,P,0.4591639578216004,0.033235815298671534,0.005503291381932156,True,True,False
a0a8112e36351f6183c83efd108321fa269fae739a2927134630895c6b8a249c,logit_mean,L,0.45076716218533175,0.04390580632182455,0.010549360714575658,True,True,False
a0a8112e36351f6183c83efd108321fa269fae739a2927134630895c6b8a249c,logit_mean,P,0.45043358278642753,0.04392595531284285,0.01032204710970934,True,True,False
9ce624cdebb85355e15da1268718d48a223eecde35df91b88be0f5202f38607f,forward,L,0.2913726254868305,0.07917908132119097,0.06678225915528617,True,True,False
9ce624cdebb85355e15da1268718d48a223eecde35df91b88be0f5202f38607f,forward,P,0.29139101243368926,0.07917293945759993,0.06680532419015661,True,True,False
9ce624cdebb85355e15da1268718d48a223eecde35df91b88be0f5202f38607f,reverse_mapped,L,0.3190062899202181,0.056810095348434966,0.05095450933671098,True,True,False
9ce624cdebb85355e15da1268718d48a223eecde35df91b88be0f5202f38607f,reverse_mapped,P,0.3194909530083837,0.056733825296920636,0.050903730721567224,True,True,False
9ce624cdebb85355e15da1268718d48a223eecde35df91b88be0f5202f38607f,probability_mean,L,7.868234779467022e-18,0.019368003093993953,8.057069239277103e-05,True,True,True
9ce624cdebb85355e15da1268718d48a223eecde35df91b88be0f5202f38607f,probability_mean,P,7.629890531948342e-25,0.019361629847392148,6.34506110903073e-05,True,True,True
9ce624cdebb85355e15da1268718d48a223eecde35df91b88be0f5202f38607f,logit_mean,L,6.090117259921666e-22,0.021681172992805642,0.00015303974696303634,True,True,True
9ce624cdebb85355e15da1268718d48a223eecde35df91b88be0f5202f38607f,logit_mean,P,7.178110757473029e-16,0.021666352632912993,0.00012075126339828402,True,True,True
fe4607fb22451085da65e3b904ae771cab68f095c41b07a5d72df6dec089c1c1,forward,L,0.3950528120566287,0.20823028785658929,0.033164196190230984,True,True,False
fe4607fb22451085da65e3b904ae771cab68f095c41b07a5d72df6dec089c1c1,forward,P,0.39505281135611253,0.20823028774895186,0.0331641966249363,True,True,False
fe4607fb22451085da65e3b904ae771cab68f095c41b07a5d72df6dec089c1c1,reverse_mapped,L,0.26248465587057607,0.12911409628796303,0.07210722386220872,True,True,False
fe4607fb22451085da65e3b904ae771cab68f095c41b07a5d72df6dec089c1c1,reverse_mapped,P,0.26249167363736753,0.12910907974054714,0.07212011774888384,True,True,False
fe4607fb22451085da65e3b904ae771cab68f095c41b07a5d72df6dec089c1c1,probability_mean,L,6.769550739011832e-15,0.028223582428034348,0.0001751685848004198,True,True,True
fe4607fb22451085da65e3b904ae771cab68f095c41b07a5d72df6dec089c1c1,probability_mean,P,2.2406486971099277e-18,0.02819467517561317,0.0001384300295061412,True,True,True
fe4607fb22451085da65e3b904ae771cab68f095c41b07a5d72df6dec089c1c1,logit_mean,L,0.40848761586908616,0.018346794279334385,0.012123232491736214,True,True,False
fe4607fb22451085da65e3b904ae771cab68f095c41b07a5d72df6dec089c1c1,logit_mean,P,0.408487614874989,0.01834679419449061,0.012123232703082285,True,True,False
2f66f0bffa31e163d031c2131ad6cae18be4a5c6d1e548f976a2bbb9b70a0443,forward,L,0.181479710163149,0.008258458728313316,0.11271634520485974,False,True,False
2f66f0bffa31e163d031c2131ad6cae18be4a5c6d1e548f976a2bbb9b70a0443,forward,P,0.18147988722512137,0.008258367852199647,0.11271650272267739,False,True,False
2f66f0bffa31e163d031c2131ad6cae18be4a5c6d1e548f976a2bbb9b70a0443,reverse_mapped,L,0.2196841385035371,0.05325319231821706,0.10033442012960861,False,True,False
2f66f0bffa31e163d031c2131ad6cae18be4a5c6d1e548f976a2bbb9b70a0443,reverse_mapped,P,0.21972977921698086,0.05324110897431335,0.10037382934275131,False,True,False
2f66f0bffa31e163d031c2131ad6cae18be4a5c6d1e548f976a2bbb9b70a0443,probability_mean,L,0.4590367157864701,0.014253174879770143,0.006843172720924117,True,True,False
2f66f0bffa31e163d031c2131ad6cae18be4a5c6d1e548f976a2bbb9b70a0443,probability_mean,P,0.4590535942977974,0.014239105870958979,0.0068606697745425315,True,True,False
2f66f0bffa31e163d031c2131ad6cae18be4a5c6d1e548f976a2bbb9b70a0443,logit_mean,L,0.44330362842528176,0.0201016647683115,0.011700493681165736,True,True,False
2f66f0bffa31e163d031c2131ad6cae18be4a5c6d1e548f976a2bbb9b70a0443,logit_mean,P,0.4433331839981803,0.02005112730670074,0.011733948226239603,True,True,False
db3d93ec00ccfe61ca3e6780d212260a2da4f1e804192217e6f9a28f8dd095bc,forward,L,0.2198270082723754,0.04223877663296602,0.07906820310824954,False,True,False
db3d93ec00ccfe61ca3e6780d212260a2da4f1e804192217e6f9a28f8dd095bc,forward,P,0.21982703568652978,0.042238765815563614,0.07906823673780582,False,True,False
db3d93ec00ccfe61ca3e6780d212260a2da4f1e804192217e6f9a28f8dd095bc,reverse_mapped,L,1.419386413156594e-22,0.08704223906345135,0.0032319957202615606,True,True,True
db3d93ec00ccfe61ca3e6780d212260a2da4f1e804192217e6f9a28f8dd095bc,reverse_mapped,P,2.5253567275743327e-21,0.08657553979286578,0.0026574168244259044,True,True,True
db3d93ec00ccfe61ca3e6780d212260a2da4f1e804192217e6f9a28f8dd095bc,probability_mean,L,4.7472875821938075e-18,0.013132047136161073,0.0018742227007648327,True,True,True
db3d93ec00ccfe61ca3e6780d212260a2da4f1e804192217e6f9a28f8dd095bc,probability_mean,P,8.281453612986046e-17,0.012824334420348926,0.0014832131022090704,True,True,True
db3d93ec00ccfe61ca3e6780d212260a2da4f1e804192217e6f9a28f8dd095bc,logit_mean,L,1.6644710879449895e-18,0.009563949837183764,0.002809886940704199,True,True,True
db3d93ec00ccfe61ca3e6780d212260a2da4f1e804192217e6f9a28f8dd095bc,logit_mean,P,7.823594712853709e-27,0.009251601479368095,0.0022245299439861855,True,True,True
b8056f773d04c06e9e538c520f6b230d3a809d5d700a8f1afab51be791161488,forward,L,0.048916882597188883,0.045255044112864955,0.11354079712269913,False,True,False
b8056f773d04c06e9e538c520f6b230d3a809d5d700a8f1afab51be791161488,forward,P,0.04891689088614442,0.045255037936930566,0.11354082163717326,False,True,False
b8056f773d04c06e9e538c520f6b230d3a809d5d700a8f1afab51be791161488,reverse_mapped,L,0.026445629475379873,0.009750778901647841,0.16781586846643526,False,True,False
b8056f773d04c06e9e538c520f6b230d3a809d5d700a8f1afab51be791161488,reverse_mapped,P,0.027789186709052845,0.010148313841256964,0.16872262519349698,False,True,False
b8056f773d04c06e9e538c520f6b230d3a809d5d700a8f1afab51be791161488,probability_mean,L,5.920476781416562e-20,0.02036972955947711,0.00010840471011341409,True,True,True
b8056f773d04c06e9e538c520f6b230d3a809d5d700a8f1afab51be791161488,probability_mean,P,2.74144941782406e-26,0.020356704920761182,8.564232938335573e-05,True,True,True
b8056f773d04c06e9e538c520f6b230d3a809d5d700a8f1afab51be791161488,logit_mean,L,0.21756730969031746,0.015284482375135402,0.04331766179069853,False,True,False
b8056f773d04c06e9e538c520f6b230d3a809d5d700a8f1afab51be791161488,logit_mean,P,0.2206391284827938,0.015255550278137995,0.04328561209348913,False,True,False
4b042f6fe3090d7bef5698a7bf32674cfef9f8b1f4a0286fd9ea46f426bbb645,forward,L,2.5098721145950417e-21,0.16580001264251013,0.0017367357618245638,True,True,True
4b042f6fe3090d7bef5698a7bf32674cfef9f8b1f4a0286fd9ea46f426bbb645,forward,P,7.993222761994284e-21,0.1656889909081822,0.00143958802258989,True,True,True
4b042f6fe3090d7bef5698a7bf32674cfef9f8b1f4a0286fd9ea46f426bbb645,reverse_mapped,L,0.22741268707653844,0.06546899716820707,0.06777855570525655,False,True,False
4b042f6fe3090d7bef5698a7bf32674cfef9f8b1f4a0286fd9ea46f426bbb645,reverse_mapped,P,0.22741269929175265,0.06546899303277949,0.06777857059872583,False,True,False
4b042f6fe3090d7bef5698a7bf32674cfef9f8b1f4a0286fd9ea46f426bbb645,probability_mean,L,5.564680121812399e-20,0.043425171924303986,0.0007189447308479267,True,True,True
4b042f6fe3090d7bef5698a7bf32674cfef9f8b1f4a0286fd9ea46f426bbb645,probability_mean,P,1.044679916541335e-21,0.04329086970738348,0.000573282463145507,True,True,True
4b042f6fe3090d7bef5698a7bf32674cfef9f8b1f4a0286fd9ea46f426bbb645,logit_mean,L,1.8822021456750513e-15,0.03842762354899847,0.0008295687342232648,True,True,True
4b042f6fe3090d7bef5698a7bf32674cfef9f8b1f4a0286fd9ea46f426bbb645,logit_mean,P,1.3798503528378226e-20,0.038289723701316905,0.0006598299067996883,True,True,True
a1e0ef35592a9bd76ecb8c9ab5faabaf82b0b18669e4c3192746c4e0d3d3adee,forward,L,0.011564630760546821,0.05085076716187778,0.02982288349371171,True,True,False
a1e0ef35592a9bd76ecb8c9ab5faabaf82b0b18669e4c3192746c4e0d3d3adee,forward,P,0.04208674753236414,0.05068463559426424,0.030269034180783312,True,True,False
a1e0ef35592a9bd76ecb8c9ab5faabaf82b0b18669e4c3192746c4e0d3d3adee,reverse_mapped,L,0.13583789650562217,0.06203186938151379,0.06469721855677625,False,True,False
a1e0ef35592a9bd76ecb8c9ab5faabaf82b0b18669e4c3192746c4e0d3d3adee,reverse_mapped,P,0.1443058046979677,0.06044267552948181,0.06591743618547444,False,True,False
a1e0ef35592a9bd76ecb8c9ab5faabaf82b0b18669e4c3192746c4e0d3d3adee,probability_mean,L,0.3087696484996724,0.03141333674692306,0.0131644348347839,True,True,False
a1e0ef35592a9bd76ecb8c9ab5faabaf82b0b18669e4c3192746c4e0d3d3adee,probability_mean,P,0.3179533472816463,0.03145848834981371,0.012789143267698854,True,True,False
a1e0ef35592a9bd76ecb8c9ab5faabaf82b0b18669e4c3192746c4e0d3d3adee,logit_mean,L,0.33426309569785534,0.04817439811603842,0.05214504626927971,False,True,False
a1e0ef35592a9bd76ecb8c9ab5faabaf82b0b18669e4c3192746c4e0d3d3adee,logit_mean,P,0.33301336779521773,0.04776935356655388,0.05140518908100059,False,True,False
1c4221e3484fececf951c42c25cddc302f3abaa013999dee1eb6fa7d1ff638aa,forward,L,0.015280634115796884,0.05261292042270307,0.07548146222888075,False,True,False
1c4221e3484fececf951c42c25cddc302f3abaa013999dee1eb6fa7d1ff638aa,forward,P,0.015318680513592349,0.05150121671132491,0.07614698155015957,False,True,False
1c4221e3484fececf951c42c25cddc302f3abaa013999dee1eb6fa7d1ff638aa,reverse_mapped,L,0.2524478452166462,0.1456723508374004,0.05571607157261829,True,True,False
1c4221e3484fececf951c42c25cddc302f3abaa013999dee1eb6fa7d1ff638aa,reverse_mapped,P,0.25206504688666664,0.14606032309185868,0.05477560095352242,True,True,False
1c4221e3484fececf951c42c25cddc302f3abaa013999dee1eb6fa7d1ff638aa,probability_mean,L,0.27945226564847847,0.03722300765762637,0.07304930407807796,False,True,False
1c4221e3484fececf951c42c25cddc302f3abaa013999dee1eb6fa7d1ff638aa,probability_mean,P,0.2794522667110591,0.037223006827764075,0.07304930505553817,False,True,False
1c4221e3484fececf951c42c25cddc302f3abaa013999dee1eb6fa7d1ff638aa,logit_mean,L,0.13339630771577438,0.018888385138776484,0.09250612226971248,False,True,False
1c4221e3484fececf951c42c25cddc302f3abaa013999dee1eb6fa7d1ff638aa,logit_mean,P,0.13400550240805756,0.021608096361824997,0.09186990289848344,False,True,False
0dead15778d83133aee30120ec68b75f0bd2793358f79165e9fbc440ba60cce0,forward,L,0.17687053301326006,0.10995846794099849,0.12175523175419319,False,True,False
0dead15778d83133aee30120ec68b75f0bd2793358f79165e9fbc440ba60cce0,forward,P,0.17700743994269574,0.10995108960772494,0.12186845603794366,False,True,False
0dead15778d83133aee30120ec68b75f0bd2793358f79165e9fbc440ba60cce0,reverse_mapped,L,0.18695770587614366,0.06529721877186205,0.1003475843934833,False,True,False
0dead15778d83133aee30120ec68b75f0bd2793358f79165e9fbc440ba60cce0,reverse_mapped,P,0.18697701846518075,0.06528514899853297,0.10037084583958383,False,True,False
0dead15778d83133aee30120ec68b75f0bd2793358f79165e9fbc440ba60cce0,probability_mean,L,0.4760573116549383,0.03102763297512613,0.007322347882569524,True,True,False
0dead15778d83133aee30120ec68b75f0bd2793358f79165e9fbc440ba60cce0,probability_mean,P,0.4760584159148219,0.031027332157565733,0.007323860477814959,True,True,False
0dead15778d83133aee30120ec68b75f0bd2793358f79165e9fbc440ba60cce0,logit_mean,L,1.2079307491546288e-20,0.06149297665195079,0.0002917490193713478,True,True,True
0dead15778d83133aee30120ec68b75f0bd2793358f79165e9fbc440ba60cce0,logit_mean,P,6.386822178376024e-16,0.06146177936995323,0.00023119784149913848,True,True,True
53fe1745802ad65011adfaff35c89d756148842e9960513e175ea2f2cafa7854,forward,L,0.29886324275593606,0.04533012947959247,0.06974612735564044,False,True,False
53fe1745802ad65011adfaff35c89d756148842e9960513e175ea2f2cafa7854,forward,P,0.30225940859882977,0.04571621982493894,0.0720434902442844,False,True,False
53fe1745802ad65011adfaff35c89d756148842e9960513e175ea2f2cafa7854,reverse_mapped,L,0.2334801499813121,0.014589989329921433,0.09392256326091268,False,True,False
53fe1745802ad65011adfaff35c89d756148842e9960513e175ea2f2cafa7854,reverse_mapped,P,0.23348035978240847,0.014589917140406946,0.09392275860821167,False,True,False
53fe1745802ad65011adfaff35c89d756148842e9960513e175ea2f2cafa7854,probability_mean,L,0.39699287325931093,0.0038399644698766263,0.0036136400938628186,True,True,False
53fe1745802ad65011adfaff35c89d756148842e9960513e175ea2f2cafa7854,probability_mean,P,0.4050181286118472,0.0038455710016540618,0.003600435700576464,True,True,False
53fe1745802ad65011adfaff35c89d756148842e9960513e175ea2f2cafa7854,logit_mean,L,0.3908113550226344,0.004643670458971102,0.006231743158975861,False,True,False
53fe1745802ad65011adfaff35c89d756148842e9960513e175ea2f2cafa7854,logit_mean,P,0.39805511370053503,0.004643127922154991,0.00623061825007997,False,True,False
b7743268c175e7d3777f98449861f692dc92acfeb34c50746a68c0a1e6c37ec5,forward,L,0.28394921879381974,0.1331103293232677,0.08780402131312108,True,True,False
b7743268c175e7d3777f98449861f692dc92acfeb34c50746a68c0a1e6c37ec5,forward,P,0.2841194714776125,0.13294239582728282,0.0881281834111708,True,True,False
b7743268c175e7d3777f98449861f692dc92acfeb34c50746a68c0a1e6c37ec5,reverse_mapped,L,0.03074314705410056,0.006776524052792605,0.16868007432582208,False,True,False
b7743268c175e7d3777f98449861f692dc92acfeb34c50746a68c0a1e6c37ec5,reverse_mapped,P,0.030743290248686255,0.006776383687720486,0.16868029759096967,False,True,False
b7743268c175e7d3777f98449861f692dc92acfeb34c50746a68c0a1e6c37ec5,probability_mean,L,1.3084642400254864e-14,0.027880027527869847,0.003017988763799926,True,True,True
b7743268c175e7d3777f98449861f692dc92acfeb34c50746a68c0a1e6c37ec5,probability_mean,P,8.953835180309989e-22,0.027567569715999357,0.0024072746620716233,True,True,True
b7743268c175e7d3777f98449861f692dc92acfeb34c50746a68c0a1e6c37ec5,logit_mean,L,0.08280633310015474,0.030113108591502298,0.02410985025967336,True,True,False
b7743268c175e7d3777f98449861f692dc92acfeb34c50746a68c0a1e6c37ec5,logit_mean,P,0.10811003663273756,0.03025941166259243,0.023756458663625715,True,True,False
6fe68e4ae7f3f4606a322605e0be63720d7de50d9df26eefb43f855e134f8566,forward,L,0.4033817115174691,0.07506247486610756,0.03944052258814931,True,False,False
6fe68e4ae7f3f4606a322605e0be63720d7de50d9df26eefb43f855e134f8566,forward,P,0.4033825496842336,0.07505983958068788,0.03944390890248068,True,True,False
6fe68e4ae7f3f4606a322605e0be63720d7de50d9df26eefb43f855e134f8566,reverse_mapped,L,4.3320547423409714e-16,0.03877078749703101,0.0021336823726541814,True,True,True
6fe68e4ae7f3f4606a322605e0be63720d7de50d9df26eefb43f855e134f8566,reverse_mapped,P,6.188564713356415e-25,0.038397093159258676,0.0017169384757711329,True,True,True
6fe68e4ae7f3f4606a322605e0be63720d7de50d9df26eefb43f855e134f8566,probability_mean,L,0.40683099600312367,0.034593434960080355,0.01601146956185188,True,True,False
6fe68e4ae7f3f4606a322605e0be63720d7de50d9df26eefb43f855e134f8566,probability_mean,P,0.406661931034895,0.034523275575854495,0.01593367576679799,True,True,False
6fe68e4ae7f3f4606a322605e0be63720d7de50d9df26eefb43f855e134f8566,logit_mean,L,0.4012823913688465,0.032823660778508935,0.016040597024079766,True,True,False
6fe68e4ae7f3f4606a322605e0be63720d7de50d9df26eefb43f855e134f8566,logit_mean,P,0.40119667673325005,0.03274219336000275,0.016023184624886826,True,True,False
91404fc47e1d6039c2ba5b95fa0a0b14c2ccaba6b71a77b81d12bc23221b0d2e,forward,L,0.00895864989766147,0.027850101479838317,0.07051496543069105,False,True,False
91404fc47e1d6039c2ba5b95fa0a0b14c2ccaba6b71a77b81d12bc23221b0d2e,forward,P,0.02785568744019969,0.026348589375257386,0.07334042519099142,False,True,False
91404fc47e1d6039c2ba5b95fa0a0b14c2ccaba6b71a77b81d12bc23221b0d2e,reverse_mapped,L,2.3108511749530044e-25,0.09463175412234863,0.023843675884643558,True,True,True
91404fc47e1d6039c2ba5b95fa0a0b14c2ccaba6b71a77b81d12bc23221b0d2e,reverse_mapped,P,1.0249021740423483e-20,0.092550510760443,0.02060696219611975,True,True,True
91404fc47e1d6039c2ba5b95fa0a0b14c2ccaba6b71a77b81d12bc23221b0d2e,probability_mean,L,0.2609954995952434,0.023299517367442672,0.008799865435346459,True,True,False
91404fc47e1d6039c2ba5b95fa0a0b14c2ccaba6b71a77b81d12bc23221b0d2e,probability_mean,P,0.26099791451402204,0.023291398638703272,0.008815883039016753,True,True,False
91404fc47e1d6039c2ba5b95fa0a0b14c2ccaba6b71a77b81d12bc23221b0d2e,logit_mean,L,1.1673894531612791e-21,0.06877162125156672,0.006328652300611796,True,True,True
91404fc47e1d6039c2ba5b95fa0a0b14c2ccaba6b71a77b81d12bc23221b0d2e,logit_mean,P,7.518079188211762e-21,0.06838640484078749,0.0056944966439842915,True,True,True
9ee757f257505031e9f030201ee1a1152e8a59a47434dbbf29c4e04d459e0440,forward,L,0.1321875599302731,0.061860530732276674,0.11894232298711724,False,True,False
9ee757f257505031e9f030201ee1a1152e8a59a47434dbbf29c4e04d459e0440,forward,P,0.13221798935636103,0.06185346011588757,0.1189680646275125,False,True,False
9ee757f257505031e9f030201ee1a1152e8a59a47434dbbf29c4e04d459e0440,reverse_mapped,L,0.16471321600129815,0.1061464901557508,0.1322388120331201,False,True,False
9ee757f257505031e9f030201ee1a1152e8a59a47434dbbf29c4e04d459e0440,reverse_mapped,P,0.16482651671195686,0.1061278868278973,0.13235907242946285,False,True,False
9ee757f257505031e9f030201ee1a1152e8a59a47434dbbf29c4e04d459e0440,probability_mean,L,0.42011474102770524,0.023876870470505487,0.025439599500379537,False,True,False
9ee757f257505031e9f030201ee1a1152e8a59a47434dbbf29c4e04d459e0440,probability_mean,P,0.42012784136919273,0.023875383049633866,0.02544784994996143,False,True,False
9ee757f257505031e9f030201ee1a1152e8a59a47434dbbf29c4e04d459e0440,logit_mean,L,0.33094591839466714,0.04384038972256469,0.04273126974515926,True,True,False
9ee757f257505031e9f030201ee1a1152e8a59a47434dbbf29c4e04d459e0440,logit_mean,P,0.331420255363262,0.04423828977977727,0.04256309757120066,True,True,False
c23a5f2b7a5c31f8320d210a8f3a03a54ead1777fe9c0b9370917ee204efacf0,forward,L,0.27049749968176584,0.04406780553494357,0.06202997773845601,False,True,False
c23a5f2b7a5c31f8320d210a8f3a03a54ead1777fe9c0b9370917ee204efacf0,forward,P,0.2712921084643267,0.044155306668975484,0.06197030649884028,False,True,False
c23a5f2b7a5c31f8320d210a8f3a03a54ead1777fe9c0b9370917ee204efacf0,reverse_mapped,L,0.2722264354092679,0.04567658074768055,0.0594116500101198,False,True,False
c23a5f2b7a5c31f8320d210a8f3a03a54ead1777fe9c0b9370917ee204efacf0,reverse_mapped,P,0.2722264445235474,0.045676578849696434,0.05941165762663826,False,True,False
c23a5f2b7a5c31f8320d210a8f3a03a54ead1777fe9c0b9370917ee204efacf0,probability_mean,L,2.14462798894185e-14,0.009989117400867971,3.9010607304636234e-05,True,True,True
c23a5f2b7a5c31f8320d210a8f3a03a54ead1777fe9c0b9370917ee204efacf0,probability_mean,P,5.643025980018077e-15,0.009983149813326887,3.07276403395157e-05,True,True,True
c23a5f2b7a5c31f8320d210a8f3a03a54ead1777fe9c0b9370917ee204efacf0,logit_mean,L,4.849396006260105e-19,0.01339668603300556,8.942869749033907e-05,True,True,True
c23a5f2b7a5c31f8320d210a8f3a03a54ead1777fe9c0b9370917ee204efacf0,logit_mean,P,5.438751098156136e-14,0.013381413040879024,7.05867435849999e-05,True,True,True
48b63c9528bc6112ee22b24a5a4e3e5a962e92e40c0aef3f29229c7fa1a2fc74,forward,L,0.17179431041976892,0.07248351948340821,0.11785384647054674,False,True,False
48b63c9528bc6112ee22b24a5a4e3e5a962e92e40c0aef3f29229c7fa1a2fc74,forward,P,0.1718458367713696,0.07247258889519555,0.11790385389087123,False,True,False
48b63c9528bc6112ee22b24a5a4e3e5a962e92e40c0aef3f29229c7fa1a2fc74,reverse_mapped,L,0.25626410320770443,0.07638178814854876,0.08613257041576174,False,True,False
48b63c9528bc6112ee22b24a5a4e3e5a962e92e40c0aef3f29229c7fa1a2fc74,reverse_mapped,P,0.2562859215954293,0.07636261053144161,0.08616590604973035,False,True,False
48b63c9528bc6112ee22b24a5a4e3e5a962e92e40c0aef3f29229c7fa1a2fc74,probability_mean,L,0.4089365639902518,0.0128626601851805,0.005888644038583981,True,True,False
48b63c9528bc6112ee22b24a5a4e3e5a962e92e40c0aef3f29229c7fa1a2fc74,probability_mean,P,0.40859219954659537,0.012852456696141056,0.005825931489259569,True,True,False
48b63c9528bc6112ee22b24a5a4e3e5a962e92e40c0aef3f29229c7fa1a2fc74,logit_mean,L,2.2926270057985656e-29,0.02051924757487442,0.0007572096095741915,True,True,True
48b63c9528bc6112ee22b24a5a4e3e5a962e92e40c0aef3f29229c7fa1a2fc74,logit_mean,P,7.869886065415272e-17,0.020449685984631486,0.000599000118018025,True,True,True
4b55c5dd6a900eac9c70b355c80a9eb10c7f30e39be3e8471705bc768394169a,forward,L,0.07407606388202066,0.020028252917249266,0.13100642247659625,False,True,False
4b55c5dd6a900eac9c70b355c80a9eb10c7f30e39be3e8471705bc768394169a,forward,P,0.07757361291229044,0.02227004501948662,0.13215399296779856,False,True,False
4b55c5dd6a900eac9c70b355c80a9eb10c7f30e39be3e8471705bc768394169a,reverse_mapped,L,0.26957262599388115,0.035085204450095143,0.09026130957711133,False,True,False
4b55c5dd6a900eac9c70b355c80a9eb10c7f30e39be3e8471705bc768394169a,reverse_mapped,P,0.2697322201762678,0.035076533146565385,0.09039988478582188,False,True,False
4b55c5dd6a900eac9c70b355c80a9eb10c7f30e39be3e8471705bc768394169a,probability_mean,L,0.386180241561659,0.004543222865022683,0.02170213112344362,False,True,False
4b55c5dd6a900eac9c70b355c80a9eb10c7f30e39be3e8471705bc768394169a,probability_mean,P,0.3861642595743658,0.004680077350422159,0.021677545686537323,False,True,False
4b55c5dd6a900eac9c70b355c80a9eb10c7f30e39be3e8471705bc768394169a,logit_mean,L,0.29218969867222655,0.006458356375011149,0.03399868162621313,False,True,False
4b55c5dd6a900eac9c70b355c80a9eb10c7f30e39be3e8471705bc768394169a,logit_mean,P,0.2921769214537156,0.0066046983227719975,0.03397453996122057,False,True,False
103e33f59467b0cdac6dcb7ac0fa4192ce0333ef16050223b767073c8d485e31,forward,L,0.15002276864844682,0.013692694695189264,0.11561517506750073,False,True,False
103e33f59467b0cdac6dcb7ac0fa4192ce0333ef16050223b767073c8d485e31,forward,P,0.15083269615552947,0.012852314624193858,0.11519843129772017,False,True,False
103e33f59467b0cdac6dcb7ac0fa4192ce0333ef16050223b767073c8d485e31,reverse_mapped,L,0.1855112827545789,0.031076383724032715,0.11905401247659121,False,True,False
103e33f59467b0cdac6dcb7ac0fa4192ce0333ef16050223b767073c8d485e31,reverse_mapped,P,0.18521792883210625,0.03103292134120115,0.1187598001779852,False,True,False
103e33f59467b0cdac6dcb7ac0fa4192ce0333ef16050223b767073c8d485e31,probability_mean,L,0.4763917806017087,0.01509603302499281,0.0053480263651258485,True,True,False
103e33f59467b0cdac6dcb7ac0fa4192ce0333ef16050223b767073c8d485e31,probability_mean,P,0.47637196041492347,0.015098341056174346,0.005334708501257953,True,True,False
103e33f59467b0cdac6dcb7ac0fa4192ce0333ef16050223b767073c8d485e31,logit_mean,L,0.46277270238928275,0.0244152864208966,0.010004385685005146,True,True,False
103e33f59467b0cdac6dcb7ac0fa4192ce0333ef16050223b767073c8d485e31,logit_mean,P,0.46168380149503474,0.024322135912178997,0.00972644781945799,True,True,False
d1ce09e5ffc240ce741dc6eaffe36d317ca3f56a3228c38dad03de65e2b33d00,forward,L,0.13711748275823912,0.06090539208141569,0.1304665144167712,False,True,False
d1ce09e5ffc240ce741dc6eaffe36d317ca3f56a3228c38dad03de65e2b33d00,forward,P,0.1358900852836719,0.0608744953235486,0.1294998987374142,False,True,False
d1ce09e5ffc240ce741dc6eaffe36d317ca3f56a3228c38dad03de65e2b33d00,reverse_mapped,L,0.14189294101616373,0.07127694372625673,0.11220501581795804,False,True,False
d1ce09e5ffc240ce741dc6eaffe36d317ca3f56a3228c38dad03de65e2b33d00,reverse_mapped,P,0.14191011227368602,0.0712639145763693,0.11222620803836053,False,True,False
d1ce09e5ffc240ce741dc6eaffe36d317ca3f56a3228c38dad03de65e2b33d00,probability_mean,L,0.46316280031821805,0.023667404361462738,0.005492069330183754,True,True,False
d1ce09e5ffc240ce741dc6eaffe36d317ca3f56a3228c38dad03de65e2b33d00,probability_mean,P,0.46317661391395415,0.023631836468093855,0.005541725749787309,True,True,False
d1ce09e5ffc240ce741dc6eaffe36d317ca3f56a3228c38dad03de65e2b33d00,logit_mean,L,0.4217841991509551,0.03674387314666722,0.010265811064173822,True,True,False
d1ce09e5ffc240ce741dc6eaffe36d317ca3f56a3228c38dad03de65e2b33d00,logit_mean,P,0.42623696438155134,0.03647567100384225,0.011245858463138903,True,True,False
e920e4219b5803a5e3c43727cf9b83d92464095306c8fe34d25a0dc877d0a59f,forward,L,0.2817600780591329,0.08646229002947665,0.06759929539869926,True,True,False
e920e4219b5803a5e3c43727cf9b83d92464095306c8fe34d25a0dc877d0a59f,forward,P,0.28177713223742124,0.08645651142865937,0.06761621221978148,True,True,False
e920e4219b5803a5e3c43727cf9b83d92464095306c8fe34d25a0dc877d0a59f,reverse_mapped,L,0.17961042784537,0.02631309239213157,0.11649151898232413,False,True,False
e920e4219b5803a5e3c43727cf9b83d92464095306c8fe34d25a0dc877d0a59f,reverse_mapped,P,0.17961078090620036,0.02631304728165296,0.11649183476652607,False,True,False
e920e4219b5803a5e3c43727cf9b83d92464095306c8fe34d25a0dc877d0a59f,probability_mean,L,1.4258550516529986e-15,0.006354143617742708,0.00019187206078693966,True,True,True
e920e4219b5803a5e3c43727cf9b83d92464095306c8fe34d25a0dc877d0a59f,probability_mean,P,3.053740419032139e-14,0.00632217994219311,0.00015152219875221777,True,True,True
e920e4219b5803a5e3c43727cf9b83d92464095306c8fe34d25a0dc877d0a59f,logit_mean,L,1.8840141389547424e-15,0.01374183499837306,0.0005013830565838834,True,True,True
e920e4219b5803a5e3c43727cf9b83d92464095306c8fe34d25a0dc877d0a59f,logit_mean,P,2.613187722057319e-25,0.013658952393314414,0.00039779169770289555,True,True,True
4fba16e45e8849b9c5502037c6fced29435b168274a540766a7e763a04395a74,forward,L,0.13346946535882093,0.03222469494936092,0.14165983295847884,False,True,False
4fba16e45e8849b9c5502037c6fced29435b168274a540766a7e763a04395a74,forward,P,0.13353810896669707,0.032197437984755974,0.14172592916292806,False,True,False
4fba16e45e8849b9c5502037c6fced29435b168274a540766a7e763a04395a74,reverse_mapped,L,0.13075781008419862,0.009841428064436619,0.13398086980588222,False,True,False
4fba16e45e8849b9c5502037c6fced29435b168274a540766a7e763a04395a74,reverse_mapped,P,0.13075824319350074,0.009841286127892304,0.13398125760777224,False,True,False
4fba16e45e8849b9c5502037c6fced29435b168274a540766a7e763a04395a74,probability_mean,L,0.46659606436875317,0.0051771304426269735,0.0049814512871517,True,True,False
4fba16e45e8849b9c5502037c6fced29435b168274a540766a7e763a04395a74,probability_mean,P,0.46712860593544847,0.005138810873635909,0.004921590580090923,True,True,False
4fba16e45e8849b9c5502037c6fced29435b168274a540766a7e763a04395a74,logit_mean,L,0.4351798000239291,0.008736852185264599,0.010591258687378237,False,True,False
4fba16e45e8849b9c5502037c6fced29435b168274a540766a7e763a04395a74,logit_mean,P,0.4367804944590706,0.008595114312263213,0.010599973377708858,False,True,False
69a0d54a1406129e4b95ef8559b103298d09491b284ab2cdd18f4f0663347e92,forward,L,0.308236770945416,0.059609407727418746,0.07048332384001105,False,True,False
69a0d54a1406129e4b95ef8559b103298d09491b284ab2cdd18f4f0663347e92,forward,P,0.3082660115576486,0.05959748963289565,0.07051608016880136,False,True,False
69a0d54a1406129e4b95ef8559b103298d09491b284ab2cdd18f4f0663347e92,reverse_mapped,L,0.2993866234593438,0.07824470681410363,0.05273057891557064,True,True,False
69a0d54a1406129e4b95ef8559b103298d09491b284ab2cdd18f4f0663347e92,reverse_mapped,P,0.29938663650622116,0.07824470497737737,0.0527305924568584,True,True,False
69a0d54a1406129e4b95ef8559b103298d09491b284ab2cdd18f4f0663347e92,probability_mean,L,4.269277749282739e-13,0.01690774707994294,3.33871892845057e-05,True,True,True
69a0d54a1406129e4b95ef8559b103298d09491b284ab2cdd18f4f0663347e92,probability_mean,P,9.734775250469047e-18,0.016903657243380187,2.625521726871623e-05,True,True,True
69a0d54a1406129e4b95ef8559b103298d09491b284ab2cdd18f4f0663347e92,logit_mean,L,1.7531394568407918e-12,0.01752579390718872,5.739482581921694e-05,True,True,True
69a0d54a1406129e4b95ef8559b103298d09491b284ab2cdd18f4f0663347e92,logit_mean,P,7.495832848073171e-15,0.017519279948849917,4.5134546452504074e-05,True,True,True
751964edf13172296e88a554fc17ffdecbb884f886533db50b0c68a6dd68b553,forward,L,0.11932736051471346,0.04394418541492261,0.1006848193420642,False,True,False
751964edf13172296e88a554fc17ffdecbb884f886533db50b0c68a6dd68b553,forward,P,0.1202662913287599,0.04594579895241144,0.1000575489884423,False,True,False
751964edf13172296e88a554fc17ffdecbb884f886533db50b0c68a6dd68b553,reverse_mapped,L,0.22139159253868784,0.06812475329635774,0.013975476509053966,True,True,False
751964edf13172296e88a554fc17ffdecbb884f886533db50b0c68a6dd68b553,reverse_mapped,P,2.2768350190347082e-21,0.07015534033516903,0.0033255143203848292,True,True,True
751964edf13172296e88a554fc17ffdecbb884f886533db50b0c68a6dd68b553,probability_mean,L,0.07012205164992136,0.028223341278708382,0.005322082812592552,True,True,False
751964edf13172296e88a554fc17ffdecbb884f886533db50b0c68a6dd68b553,probability_mean,P,0.11147477141476622,0.028223629407711455,0.005319050543525966,True,True,False
751964edf13172296e88a554fc17ffdecbb884f886533db50b0c68a6dd68b553,logit_mean,L,0.10203959693458312,0.03741396573703206,0.014134242513610748,True,True,False
751964edf13172296e88a554fc17ffdecbb884f886533db50b0c68a6dd68b553,logit_mean,P,0.13428285786634792,0.03739829031983628,0.014208990174922645,True,True,False
7f22d3b8201c6664858cecad17eba12605cd9558a3486e1e7325862fd61214e7,forward,L,0.2162929722354782,0.07628370903285454,0.09528029321990418,False,True,False
7f22d3b8201c6664858cecad17eba12605cd9558a3486e1e7325862fd61214e7,forward,P,0.21631071996113327,0.07626938639834781,0.09530658735187417,False,True,False
7f22d3b8201c6664858cecad17eba12605cd9558a3486e1e7325862fd61214e7,reverse_mapped,L,0.1913125231140607,0.03643871994549089,0.12271838580402003,False,True,False
7f22d3b8201c6664858cecad17eba12605cd9558a3486e1e7325862fd61214e7,reverse_mapped,P,0.19145067286405038,0.03638564653396845,0.12285276064711127,False,True,False
7f22d3b8201c6664858cecad17eba12605cd9558a3486e1e7325862fd61214e7,probability_mean,L,0.46168027053670213,0.01781301350098928,0.009287005888178166,True,True,False
7f22d3b8201c6664858cecad17eba12605cd9558a3486e1e7325862fd61214e7,probability_mean,P,0.4616802729336843,0.017813012998898,0.009287008087259822,True,True,False
7f22d3b8201c6664858cecad17eba12605cd9558a3486e1e7325862fd61214e7,logit_mean,L,0.4470777278946685,0.017701281480129533,0.014857057043119815,True,True,False
7f22d3b8201c6664858cecad17eba12605cd9558a3486e1e7325862fd61214e7,logit_mean,P,0.44707773433937886,0.017701279838505828,0.014857064260681866,True,True,False
23eb39e24beb07569497c22105e47f9b386a02c0fd8109fbb7daff1aa5032fde,forward,L,0.1889668758662502,0.10074423921905089,0.10608343484614821,False,True,False
23eb39e24beb07569497c22105e47f9b386a02c0fd8109fbb7daff1aa5032fde,forward,P,0.18899899257172748,0.10073789358455597,0.10611365292498431,False,True,False
23eb39e24beb07569497c22105e47f9b386a02c0fd8109fbb7daff1aa5032fde,reverse_mapped,L,0.16182970427745075,0.040039452691435586,0.11556999602477755,False,True,False
23eb39e24beb07569497c22105e47f9b386a02c0fd8109fbb7daff1aa5032fde,reverse_mapped,P,0.161376773510093,0.03986767052910775,0.11503076985774413,False,True,False
23eb39e24beb07569497c22105e47f9b386a02c0fd8109fbb7daff1aa5032fde,probability_mean,L,1.120959825794398e-21,0.008787420870249857,2.800044752927851e-05,True,True,True
23eb39e24beb07569497c22105e47f9b386a02c0fd8109fbb7daff1aa5032fde,probability_mean,P,4.798254446620312e-14,0.008783244423496091,2.2096038546570564e-05,True,True,True
23eb39e24beb07569497c22105e47f9b386a02c0fd8109fbb7daff1aa5032fde,logit_mean,L,0.4123771354355285,0.01272553458403155,0.0014814045526076595,True,True,False
23eb39e24beb07569497c22105e47f9b386a02c0fd8109fbb7daff1aa5032fde,logit_mean,P,0.4123772903734358,0.012725254352884123,0.0014831855177374403,True,True,False
fcc0f9b0e438bcedacb490bd82cc833b37c9777edbeafbe3992ba0a0aa90bc6e,forward,L,0.260612473376212,0.08239604735491377,0.08958484624521264,False,True,False
fcc0f9b0e438bcedacb490bd82cc833b37c9777edbeafbe3992ba0a0aa90bc6e,forward,P,0.26217436022915336,0.08241225999578287,0.09078751880013472,False,True,False
fcc0f9b0e438bcedacb490bd82cc833b37c9777edbeafbe3992ba0a0aa90bc6e,reverse_mapped,L,0.17358982270003756,0.006701894214415778,0.07381367017439505,False,True,False
fcc0f9b0e438bcedacb490bd82cc833b37c9777edbeafbe3992ba0a0aa90bc6e,reverse_mapped,P,0.17603929056849596,0.007869150699680453,0.07357246673558789,False,True,False
fcc0f9b0e438bcedacb490bd82cc833b37c9777edbeafbe3992ba0a0aa90bc6e,probability_mean,L,0.41118408356159164,0.03660132236254359,0.01388538168151466,True,True,False
fcc0f9b0e438bcedacb490bd82cc833b37c9777edbeafbe3992ba0a0aa90bc6e,probability_mean,P,0.41121590029166716,0.03659095456130207,0.013899951372481553,True,True,False
fcc0f9b0e438bcedacb490bd82cc833b37c9777edbeafbe3992ba0a0aa90bc6e,logit_mean,L,0.3794461701163443,0.05228716062303068,0.019185926251478292,True,True,False
fcc0f9b0e438bcedacb490bd82cc833b37c9777edbeafbe3992ba0a0aa90bc6e,logit_mean,P,0.37949442813561796,0.05227114541411195,0.019209249368396568,True,True,False
298ec6c2bc8ff0ee3efd88a60101878fad713a5f1a7d9b0d192981ee6e2cdfd7,forward,L,0.24412728971950481,0.06351838752544937,0.08281723782454792,False,True,False
298ec6c2bc8ff0ee3efd88a60101878fad713a5f1a7d9b0d192981ee6e2cdfd7,forward,P,0.2519097652593662,0.0642214446056632,0.08813886547656646,False,True,False
298ec6c2bc8ff0ee3efd88a60101878fad713a5f1a7d9b0d192981ee6e2cdfd7,reverse_mapped,L,0.2250747045518693,0.02954168325923122,0.10861714669308481,False,True,False
298ec6c2bc8ff0ee3efd88a60101878fad713a5f1a7d9b0d192981ee6e2cdfd7,reverse_mapped,P,0.22525137735497042,0.02953409616327618,0.10875993213408638,False,True,False
298ec6c2bc8ff0ee3efd88a60101878fad713a5f1a7d9b0d192981ee6e2cdfd7,probability_mean,L,0.3887947497644304,0.004380145670722826,0.0026836516648023052,True,True,False
298ec6c2bc8ff0ee3efd88a60101878fad713a5f1a7d9b0d192981ee6e2cdfd7,probability_mean,P,0.39667291460789744,0.004408014147150127,0.0025781943916626453,True,True,False
298ec6c2bc8ff0ee3efd88a60101878fad713a5f1a7d9b0d192981ee6e2cdfd7,logit_mean,L,0.39153226903491656,0.005509149998663669,0.007247509692685178,False,True,False
298ec6c2bc8ff0ee3efd88a60101878fad713a5f1a7d9b0d192981ee6e2cdfd7,logit_mean,P,0.3980976299743686,0.005552868466371702,0.007202987097670356,False,True,False
57e1c032bc97e802a98403e6bcdc389793f2c2adf10ba31351e379fa4ae8d41d,forward,L,0.2035549227407929,0.060001205147557475,0.09575515547744656,False,True,False
57e1c032bc97e802a98403e6bcdc389793f2c2adf10ba31351e379fa4ae8d41d,forward,P,0.20875199296900743,0.0596446058183359,0.09904402170256486,False,True,False
57e1c032bc97e802a98403e6bcdc389793f2c2adf10ba31351e379fa4ae8d41d,reverse_mapped,L,0.23329621765789152,0.028969448124856207,0.07594730741784224,False,True,False
57e1c032bc97e802a98403e6bcdc389793f2c2adf10ba31351e379fa4ae8d41d,reverse_mapped,P,0.2332962312814898,0.028969446261922827,0.07594731721412211,False,True,False
57e1c032bc97e802a98403e6bcdc389793f2c2adf10ba31351e379fa4ae8d41d,probability_mean,L,0.4625232799948234,0.00749047524865133,0.009770357572672472,False,True,False
57e1c032bc97e802a98403e6bcdc389793f2c2adf10ba31351e379fa4ae8d41d,probability_mean,P,0.4625232825490247,0.00749047437184249,0.009770360200220402,False,True,False
57e1c032bc97e802a98403e6bcdc389793f2c2adf10ba31351e379fa4ae8d41d,logit_mean,L,0.4484534768409172,0.009076849575845312,0.01565808144509624,False,True,False
57e1c032bc97e802a98403e6bcdc389793f2c2adf10ba31351e379fa4ae8d41d,logit_mean,P,0.44845367879064957,0.009076836881658919,0.015658297739368224,False,True,False
430a654dfdd9ec9507f9a8456f0045964b52c272afe0daa8a1f6205beaa8b346,forward,L,0.07317051105856097,0.027838576985954336,0.0560076846221357,False,True,False
430a654dfdd9ec9507f9a8456f0045964b52c272afe0daa8a1f6205beaa8b346,forward,P,0.07167058377360411,0.027793801513357464,0.055501346259773106,False,True,False
430a654dfdd9ec9507f9a8456f0045964b52c272afe0daa8a1f6205beaa8b346,reverse_mapped,L,0.28537860797560605,0.19009988974602984,0.07129561135157969,True,True,False
430a654dfdd9ec9507f9a8456f0045964b52c272afe0daa8a1f6205beaa8b346,reverse_mapped,P,0.28539132990609706,0.19008659882184356,0.07132856233900411,True,True,False
430a654dfdd9ec9507f9a8456f0045964b52c272afe0daa8a1f6205beaa8b346,probability_mean,L,0.3257490807360531,0.03582955168558742,0.0620543943842789,False,True,False
430a654dfdd9ec9507f9a8456f0045964b52c272afe0daa8a1f6205beaa8b346,probability_mean,P,0.32576803904767093,0.035827848825940214,0.062072595835121695,False,True,False
430a654dfdd9ec9507f9a8456f0045964b52c272afe0daa8a1f6205beaa8b346,logit_mean,L,0.2116121110325432,0.05151663785435319,0.0931525212497948,False,True,False
430a654dfdd9ec9507f9a8456f0045964b52c272afe0daa8a1f6205beaa8b346,logit_mean,P,0.21601136499358317,0.051977330879456954,0.09583602955906328,False,True,False
