k,delta,n,world,L_eta,P_eta,L_width,P_width,L_covers_true,P_covers_true,union_covers_true,union_covers_both,union_diameter,union_length,union_gap,diameter_ge_separation,np_reject,L_deviance,P_deviance,L_success,P_success,L_spread_deviance,P_spread_deviance
3,0.025,655360000000000,logistic_Q,0.16108660332819055,0.19963662793323306,0.024578145029720663,0.021781149572518598,0.97,0.0,0.97,0.97,0.0618056260172529,0.04635929460223981,0.015446331415012622,1.0,0.045,0.0,0.0,1.0,1.0,532.5172908264718,619.4632769087365
3,0.025,655360000000000,probit_P,0.16107581091643522,0.19962706354804158,0.024581549332201767,0.021784166534828814,0.0,0.95,0.95,0.95,0.061810086508372615,0.046365715867031046,0.015444370641341026,1.0,0.045,0.0,0.0,1.0,1.0,532.5467837854727,619.8250638333973
3,0.05,2560000000000,logistic_Q,0.16158988403672836,0.20005498519883488,0.049621192932919556,0.043970318217857046,0.945,0.195,0.975,0.945,0.08557003693909487,0.08556810283453688,1.934104558e-06,1.0,0.035,0.0,0.0,1.0,1.0,3.3750253116761275,1.0689111281689039
3,0.05,2560000000000,probit_P,0.16153313972829358,0.20000470517742797,0.04963459952862151,0.04398219861650598,0.075,0.94,0.985,0.94,0.08558913881829387,0.08558913881829387,-6.938893903907225e-20,1.0,0.02,0.0,0.0,1.0,1.0,3.4098369643922775,1.0790633169766537
3,0.1,10000000000,logistic_Q,0.15811863786479685,0.19686925815676953,0.10800477746405031,0.09665133363725065,0.945,0.69,0.97,0.945,0.14197920261437944,0.14197920261437944,-1.942890293094024e-18,1.0,0.06,0.0,0.0,1.0,1.0,3.4556998719530446e-23,7.160797762258145e-23
3,0.1,10000000000,probit_P,0.15765080421740013,0.1964548249951822,0.10829486412920769,0.09706788613967902,0.54,0.96,0.975,0.96,0.1423041760593358,0.1423041760593358,2.0816681711721684e-18,1.0,0.04,0.0,0.0,1.0,1.0,3.9491803692985945e-23,5.67769647554682e-23
3,0.2,39062500,logistic_Q,0.15290201560445602,0.1899666142946494,0.1909972634679623,0.19383787898996568,0.95,0.91,0.985,0.95,0.22115280904819667,0.22115280904819667,1.6653345369377347e-18,1.0,0.02,0.008492898867672736,0.0019149106100747801,1.0,1.0,1.5137743489968083e-14,8.231618512550749e-15
3,0.2,39062500,probit_P,0.15059916463107295,0.18831609537447297,0.19049279180088674,0.1953291538452439,0.85,0.945,0.97,0.945,0.22075237900995576,0.22075237900995576,1.6653345369377347e-18,1.0,0.03,0.013219861835836082,0.005330603628263526,1.0,1.0,2.904730275818697e-14,1.305004715463938e-14
4,0.025,655360000000000,logistic_Q,0.16144780562889924,0.19994569223542424,0.006301609772420771,0.005584279346771426,0.945,0.0,0.945,0.945,0.04444584019058702,0.011885889119192637,0.03255995107139389,1.0,0.035,1.6211532113489735,1.6208344543167166,1.0,1.0,4488.374879405517,1612.8925317106819
4,0.025,655360000000000,probit_P,0.16149378864695696,0.19998643086376863,0.0062991011985508005,0.00558205657090302,0.0,0.925,0.925,0.925,0.044438227815060294,0.011881157769454307,0.03255707004560546,1.0,0.015,1.7841262781410543,1.7844586024750382,1.0,1.0,4487.725098128151,1611.9902099495093
4,0.05,2560000000000,logistic_Q,0.16165511407657296,0.2000687381342367,0.01259785868296874,0.011161548585863237,0.955,0.0,0.955,0.955,0.05031336903079568,0.023759407268832536,0.026553961761962702,1.0,0.05,1.9171814131223215,1.917081613088763,1.0,1.0,3.5104128806064116e-10,3.5976644517654585e-10
4,0.05,2560000000000,probit_P,0.16147976454410443,0.19991340093129017,0.012617573567724695,0.011179017292448816,0.0,0.955,0.955,0.955,0.05035202606881282,0.02379659086017399,0.02655543520863834,1.0,0.045,1.9386229830765935,1.9381688266936004,1.0,1.0,3.713943589125912e-10,3.6578158250574753e-10
4,0.1,10000000000,logistic_Q,0.16200845213354506,0.20014027038812912,0.025263269100226703,0.022364874294415707,0.945,0.0,0.945,0.945,0.06202691761519454,0.047628143394642865,0.014398774220551186,1.0,0.05,2.081981487127715,2.081132321278998,1.0,1.0,2.4535068044069514e-11,2.4681339897206217e-11
4,0.1,10000000000,probit_P,0.16119618679682307,0.1994211496251447,0.025449481149292807,0.02252984765526073,0.0,0.945,0.945,0.945,0.06229665969388045,0.04797932880455408,0.014317330889325897,1.0,0.06,2.075484940309623,2.0748650015715757,1.0,1.0,2.446172133342e-11,2.4091873630609214e-11
4,0.2,39062500,logistic_Q,0.16366783260101336,0.2006528809359728,0.05101981879588958,0.0450244380178326,0.93,0.165,0.965,0.93,0.08534448595475343,0.08534448595475343,0.0,1.0,0.035,2.0348982503703246,2.040780305282115,1.0,1.0,1.6666290721632778e-12,1.7939041268080767e-12
4,0.2,39062500,probit_P,0.16260908157560774,0.19972543589355019,0.05150381210105407,0.04545066615078796,0.05,0.965,0.985,0.965,0.0859361997816205,0.0859361997816205,-6.938893903907225e-20,1.0,0.04,1.8178748168800647,1.8151346675685351,1.0,1.0,1.66552784584828e-12,1.5875321456720879e-12
