k,delta,n,world,repeats,L_eta,L_width,L_width_se,L_cover_count,P_cover_count,L_boundary_count,P_boundary_count,L_failed_count,P_failed_count,union_coverage,union_diameter,union_length,C_width,C_width_se,C_cover_count,C_Q_cover_count,C_fallback_count
3,0.025,655360000000000,logistic_Q,200,0.16108660332819055,0.024578145029720663,9.36098678449485e-05,194,0,0,0,0,0,0.97,0.0618056260172529,0.046359294602239795,0.06868824268247367,0.000269424075142955,200,200,0
3,0.025,655360000000000,probit_P,200,0.16107581091643516,0.024581549332201767,9.519309001194501e-05,0,190,0,0,0,0,0.95,0.06181008650837261,0.046365715867031046,0.068698256621633,0.000273833603651964,6,200,0
3,0.05,2560000000000,logistic_Q,200,0.16158988403672836,0.049621192932919556,0.0004195943371915452,189,39,0,0,0,0,0.975,0.08557003693909487,0.08556810283453688,0.14888590278879169,0.0013733312972262614,200,200,0
3,0.05,2560000000000,probit_P,200,0.16153313972829356,0.0496345995286215,0.0004058055380846594,15,188,0,0,0,0,0.985,0.08558913881829387,0.08558913881829387,0.14894813604208632,0.0013255966943990483,192,200,0
3,0.1,10000000000,logistic_Q,200,0.15811863786479682,0.1080047774640503,0.0018200006031123272,189,138,0,0,0,0,0.97,0.14197920261437944,0.1419792026143794,0.27776275349518015,0.005837504376423996,200,200,24
3,0.1,10000000000,probit_P,200,0.1576508042174001,0.10829486412920769,0.0018205856088999502,108,192,0,0,0,0,0.975,0.1423041760593358,0.1423041760593358,0.27238950308584065,0.005410025071056379,200,200,20
3,0.2,39062500,logistic_Q,200,0.152902015604456,0.1909972634679623,0.0024407273447209885,190,182,8,4,0,0,0.985,0.22115280904819662,0.22115280904819662,0.4971510545678645,0.0016365576884509578,200,200,197
3,0.2,39062500,probit_P,200,0.15059916463107292,0.19049279180088674,0.0024860510218434797,170,189,6,3,0,0,0.97,0.22075237900995576,0.2207523790099557,0.4962406730915477,0.0018654655810807302,200,200,196
4,0.025,655360000000000,logistic_Q,200,0.1614478056288992,0.006301609772420769,6.115416735154212e-06,189,0,0,0,0,0,0.945,0.04444584019058701,0.011885889119192633,0.022326000910519745,2.799558249586828e-05,200,200,0
4,0.025,655360000000000,probit_P,200,0.1614937886469569,0.0062991011985508005,6.556728830544309e-06,0,185,0,0,0,0,0.925,0.044438227815060294,0.011881157769454304,0.02231726677292554,2.892184922578303e-05,0,200,0
4,0.05,2560000000000,logistic_Q,200,0.16165511407657296,0.01259785868296874,2.4169659627382482e-05,191,0,0,0,0,0,0.955,0.05031336903079567,0.023759407268832536,0.045058351697133577,0.00011362045589600075,200,200,0
4,0.05,2560000000000,probit_P,200,0.1614797645441044,0.012617573567724695,2.438871583946038e-05,0,191,0,0,0,0,0.955,0.05035202606881282,0.02379659086017399,0.045065174943372505,0.00011321975981479364,0,200,0
4,0.1,10000000000,logistic_Q,200,0.162008452133545,0.025263269100226703,0.00010361403721043282,189,0,0,0,0,0,0.945,0.06202691761519454,0.04762814339464286,0.09301708971998156,0.0005231340813218168,200,200,0
4,0.1,10000000000,probit_P,200,0.16119618679682307,0.025449481149292807,0.0001079587764686278,0,189,0,0,0,0,0.945,0.06229665969388044,0.047979328804554064,0.09454838419367219,0.0005371519178814904,85,200,0
4,0.2,39062500,logistic_Q,200,0.16366783260101334,0.05101981879588958,0.00043788661621510153,186,33,0,0,0,0,0.965,0.08534448595475343,0.08534448595475343,0.20572876610632954,0.0014116419862907545,200,200,0
4,0.2,39062500,probit_P,200,0.16260908157560772,0.05150381210105407,0.0004282016153163126,10,193,0,0,0,0,0.985,0.0859361997816205,0.0859361997816205,0.2052293055064564,0.0013607859158792906,200,200,0
