k,delta,etaL,explicit_max_probability_difference,optimized_max_probability_difference,explicit_kl,optimized_kl,stationarity
3,0.005,0.16148666528822933,1.9276228652236547e-14,0.0,7.446041693332702e-28,0.0,0.0
3,0.0075,0.16148718455374145,1.4637561087075984e-13,0.0,4.2936206702436923e-26,0.0,0.0
3,0.01,0.1614879115150205,6.168064437579191e-13,0.0,7.624140754288364e-25,0.0,0.0
3,0.015,0.16148998848014706,4.68345791929757e-12,0.0,4.395881448021208e-23,0.0,0.0
3,0.02,0.16149289606432699,1.973359915003153e-11,0.0,7.804638705301828e-22,0.0,0.0
3,0.025,0.1614966341005777,6.021253847028199e-11,0.0,7.266903446821988e-21,0.0,0.0
3,0.04,0.16151282853670085,6.309370328243828e-10,0.0,7.981794326693097e-19,0.0,0.0
3,0.05,0.1615277718812937,1.924236474851242e-09,0.0,7.42653959186889e-18,0.0,0.0
3,0.075,0.1615796185198211,1.4579783269431553e-08,0.0,4.2683604103309473e-16,0.0,0.0
3,0.1,0.16165209961755594,6.124865543569121e-08,0.0,7.544585454261914e-15,0.0,0.0
3,0.15,0.16185851994305722,4.610063819805546e-07,0.0,4.2933598295118156e-13,0.0,0.0
3,0.2,0.1621458501021638,1.9188071912249407e-06,0.0,7.484039503199889e-12,0.0,0.0
3,0.3,0.1629562163635114,1.4068313766804959e-05,0.0,4.0932533673798797e-10,0.0,0.0
3,0.4,0.1640647595106458,5.647079586643094e-05,0.0,6.750352716844585e-09,0.0,0.0
4,0.005,0.1614871637814336,1.4637561087075984e-13,1.084284769649675e-14,4.4340989242475254e-26,5.225283570039132e-28,6.72282692942971e-82
4,0.0075,0.1614883061368977,1.1114842604741937e-12,8.23357527782913e-14,2.5567376591884795e-24,3.0130556579561105e-26,2.4078377646439778e-82
4,0.01,0.16148990537454472,4.68345791929757e-12,3.469496662160519e-13,4.5397194465092803e-23,5.350237969389804e-25,4.007018084031534e-82
4,0.015,0.16149447423924976,3.5557901898957357e-11,2.6343774299171857e-12,2.6170643740120754e-21,3.0847820402127425e-23,5.679113667597915e-82
4,0.02,0.16150086968990954,1.4979879218478857e-10,1.1099642545851695e-11,4.645406186344979e-20,5.476790829749051e-22,8.280481517758511e-82
4,0.025,0.16150909076679112,4.5698524423521316e-10,3.386713436297654e-11,4.3240914482220676e-19,5.099364935691703e-21,6.163470384445436e-82
4,0.04,0.16154469404975846,4.7843770324952794e-09,3.548370340580893e-10,4.743540369949466e-17,5.600647899142406e-19,4.6760995537939924e-82
4,0.05,0.16157752779161544,1.4579783269431553e-08,1.0820722996598553e-09,4.408461026375286e-16,5.210714417708847e-18,2.0045729223436642e-82
4,0.075,0.16169130432283832,1.1016437218744162e-07,8.195786698856609e-09,2.523599354275543e-14,2.9941703950002877e-16,4.5662436147728866e-82
4,0.1,0.16184999386038487,4.610063819805546e-07,3.441201492742295e-08,4.4356574127320593e-13,5.2906967916950455e-15,2.2108335701089782e-82
4,0.15,0.16229956812763668,3.431962320165309e-06,2.5861033074383934e-07,2.484071249388932e-11,3.0078206942097206e-13,6.264224445835072e-82
4,0.2,0.16291952769492585,1.4068313766804959e-05,1.0738756959151105e-06,4.234289180182041e-10,5.235124152850204e-12,5.171734772675476e-81
4,0.3,0.16463123383054218,9.883197123935475e-05,7.812639244274451e-06,2.1729263890695256e-08,2.84772420380946e-10,1.0859379991177109e-67
4,0.4,0.16688398995290918,0.0003744404979479952,3.0939015118823534e-05,3.280021332870734e-07,4.648111166885556e-09,2.62621953767672e-82
